account_id,device_id,ip,card,address
acct_7f239c5b,dev_c3070cc5,ip_8b942bb8,card_fbf1cc2d,addr_252f8091
acct_3a8d1c32,dev_3d15b871,ip_b339a7e5,card_6aad2526,addr_b94cc4af
acct_4385daaf,dev_1cb369a0,ip_e263b817,card_cbb6042f,addr_10a94964
acct_3ecc77ec,dev_428910e6,ip_095f8664,card_8ef77cdc,addr_24807dc7
acct_18502e47,dev_7902f8ea,ip_23c74ea7,card_df00bac2,addr_1f5c312c
acct_bd2e3166,dev_1c2d1d8e,ip_04ff0a85,card_69c9b52c,addr_09724967
acct_03e879cf,dev_d597ac4c,ip_50316ad6,card_ff0307b5,addr_4998c053
acct_327b9c3c,dev_033a9779,ip_5c221b8e,card_4ece8eef,addr_7049bf00
acct_8585e2dc,dev_a0aa15c4,ip_dd8acc48,card_770f8fa4,addr_1e9e9e5c
acct_1501ed35,dev_f74fadd9,ip_0aa89260,card_edaa0b62,addr_da9b66ff
acct_d439b957,dev_3df082c5,ip_2b4d0e93,card_7d983554,addr_f7848a23
acct_42b82ff9,dev_5a6005b9,ip_440415a2,card_8cb4fade,addr_48f26e92
acct_b3514f89,dev_6bf0bd71,ip_f7d02408,card_dafaf775,addr_68d92ba0
acct_ef68e0e3,dev_6cea4b3a,ip_10a4b644,card_463f6ef0,addr_9c1ef70f
acct_7751c7a2,dev_6e0b5037,ip_3fdf11b7,card_f6c1dd9b,addr_010d6e03
acct_f06ca03d,dev_49446e77,ip_06ba0819,card_21fa8a3e,addr_0ffe6c09
acct_d37ab182,dev_27890782,ip_bdca98d6,card_80f9f90f,addr_b8af5d0a
acct_4e516c76,dev_280aaad6,ip_cff945fb,card_2922e3ae,addr_6508b349
acct_177f6c3e,dev_dbb668cb,ip_b4887e3a,car_6f154a86,addr_a2781e56
acct_2b5a10cd,dev_9ddfc38a,ip_9cc398d0,card_60d3b6b9,addr_a9858677
acct_2d28e15c,dev_3b04a7cf,ip_3876ad78,card_d7696f65,addr_bd661b6e
acct_824607ef,dev_4fc4fb39,ip_e278f048,card_e48d8c19,addr_085c4807
acct_3c09b145,dev_bbfec111,ip_ec59215b,card_3f36cd67,addr_47054472
acct_8815a43d,dev_9b09db31,ip_238002f7,card_cfdd5482,addr_cea3e849
acct_0abf52b7,dev_ffe5c908,ip_69602dbe,card_6f743b38,addr_317b34fa
acct_691dff7c,dev_11f44027,ip_31ebbf77,card_7cf9ef46,addr_0648a9a9
acct_e5f4876b,dev_ed237460,ip_6e10b1b9,card_e60d7784,addr_4c42d93c
acct_02322ecb,dev_f177e1ec,ip_4fa6cce0,card_136c502a,addr_f0aacdb1
acct_5bab77ea,dev_e75e8f81,ip_50646590,card_d48b9b9c,addr_e6ab9b0c
acct_0fe4901f,dev_200153fd,ip_2615cf47,card_1b5a2b88,addr_8f21c1af
acct_33f16332,dev_9d6f4f0f,ip_46986dca,card_0163f317,addr_1376e097
acct_7994f3c4,dev_569ffe16,ip_40becc1c,card_83400e0e,addr_0f1bcffe
acct_20b798b6,dev_4de03efc,ip_db38396a,card_c6d01b27,addr_c4929793
acct_fa65347c,dev_d3c97d2e,ip_dda36e46,card_c819248c,addr_66d89955
acct_4c3fe6f1,dev_50dc39c7,ip_027cfce8,card_b7d194c9,addr_e499053c
acct_fb834add,dev_c62f3742,ip_5f7b40bf,card_7037a099,addr_37469bf3
acct_abe04cb6,dev_6aff5bdf,ip_dd3243b5,card_a968a82a,addr_e63487ac
acct_48bcfd76,dev_b8d82f6e,ip_78b4f746,card_3c9331fe,addr_36848a90
acct_dfd8a03c,dev_bf94f918,ip_38cd7327,card_85dd0814,addr_31b724b6
acct_bc4c4bda,dev_568e09ce,ip_ba1b0ec1,card_06b75648,addr_67fcc53c
acct_9c127140,dev_591da552,ip_0e9f3a5e,card_e8292510,addr_85dd9b09
acct_d46870d8,dev_7616bacd,ip_73018700,card_914dd2bb,addr_ca7153ff
acct_347c9d4e,dev_a51b9f01,ip_17370a69,card_0359739f,addr_2bb6a94f
acct_05a77275,dev_fc8c70aa,ip_3d647603,car_320f0898,addr_b651af13
acct_f17a128e,dev_eb208caa,ip_ffac49dc,car_a60a6069,addr_a471ee47
acct_9a5851a3,dev_14053322,ip_f3e09e9d,car_18e9983a,addr_3e145620
acct_09a5fd4d,dev_34f895df,ip_db28efa6,card_214d35b3,addr_125e6a98
acct_e505ef8f,dev_1d219b95,ip_62125e6e,card_79bdf034,addr_d6011c95
acct_2cb6fc8a,dev_26773cf9,ip_577f56c1,card_af25fa8b,addr_6befb5f5
acct_cd8fbbe7,dev_5fa97e6b,ip_147a2778,card_a9f92633,addr_31159b5e
acct_02521d3d,dev_29ccc44b,ip_92e26778,card_6234442f,addr_c91088b2
acct_937e1ee1,dev_20fc43f0,ip_6fadf1df,card_b2ee2302,addr_d63092f6
acct_28027113,dev_79b9da07,ip_ab7aa72e,card_d92ee599,addr_c4e5c3a1
acct_f27e7322,dev_6ca569f6,ip_630fd5e1,card_4b1d7d57,addr_c7fcf3f3
acct_0c411172,dev_3c3631d4,ip_bd57ec6e,card_9d71f4b2,addr_30babdbf
acct_63787eed,dev_7bf14ce6,ip_e7f62d51,card_eeb4bd98,addr_a269c09c
acct_12b94a94,dev_c45e31ff,ip_776aa4d1,card_68f0db86,addr_7f6ef281
acct_e2a8402f,dev_a9297be7,ip_4ef1fd67,card_fcd35376,addr_064c0c07
acct_43d80bde,dev_2309cc2d,ip_7570e433,card_7a307ceb,addr_5841192b
acct_20a82e7b,dev_c7975ffe,ip_103a23f9,card_2353b814,addr_e41d6d45
acct_3678212f,dev_5d5680a1,ip_006efa0b,card_6387601c,addr_02457fe2
acct_a8ffc245,dev_f74fadd9,ip_6de7a6ca,card_816b563c,addr_b9e52b0a
acct_bbc443d5,dev_8dec95e2,ip_0d75c214,card_35c4afd4,addr_7a416855
acct_23e28d0d,dev_c382b70a,ip_afbd083a,card_d97ac705,addr_3c20c6e8
acct_68c7c890,dev_2fd5e69d,ip_b5ab3a0c,card_68078cd0,addr_9df86768
acct_6c80ec3a,dev_7fa8786b,ip_58b138af,car_a60a6069,addr_a6d7defe
acct_8b4e0870,dev_b44d0e5c,ip_c3e6398d,card_ba436fea,addr_d40b751b
acct_8f7d6081,dev_5c4410e2,ip_d4fde4ca,card_5893fbfe,addr_b282b0ed
acct_0ee2d39b,dev_05593ac1,ip_611d1bce,card_76b5ebb0,addr_dc693afa
acct_1bd3c30a,dev_971c8800,ip_a75f0b32,card_86e9c3a3,addr_572bc656
acct_4ef33b77,dev_7a9455f7,ip_a2ece6e8,card_95a80c01,addr_59dc7a16
acct_38b3a83a,dev_011c9738,ip_d7389636,card_c8b47307,addr_0d2e5492
acct_87176b60,dev_8a41b828,ip_7dc9b4b6,card_e7524c47,addr_e00a5ea1
acct_e555242c,dev_e0e4deaa,ip_8a8fc6b2,card_77c238c1,addr_2df4f4b0
acct_8140266a,dev_0cd6c457,ip_b369f161,card_cfcada10,addr_dce4d9a1
acct_9fcb957e,dev_0351217d,ip_4b80d15b,card_961854b8,addr_18b97263
acct_14fdaa06,dev_b1995ef5,ip_7191b2a1,card_93029260,addr_655d6b9c
acct_2633f15a,dev_a2fe4cda,ip_d6e9b222,card_99ea3588,addr_98d33427
acct_b4f47cca,dev_aeb4caa6,ip_e94515ab,card_85f15e29,addr_d4f6edca
acct_e89e0c8d,dev_60b20a14,ip_4a8d1c41,card_78ba4665,addr_80587b53
acct_2b0ddf33,dev_b287bc6c,ip_8d7d1155,card_87e26339,addr_71f338dc
acct_01ad924f,dev_221b2839,ip_b73b5e22,card_575f45cf,addr_6a3d638c
acct_9bd08167,dev_c92d5053,ip_eeaf911c,card_6b2851ae,addr_7f6ef281
acct_15b98107,dev_0e2fe9bb,ip_ee2f80ed,card_559d4c84,addr_f31d7105
acct_21c81078,dev_b9bfb7a4,ip_517a994a,card_032528e8,addr_63ee698a
acct_1dd6ef57,dev_73706daf,ip_02bd70f5,card_1bc10587,addr_36848a90
acct_5f21f450,dev_daa19215,ip_88042281,card_091937a2,addr_9d09de2a
acct_73153eff,dev_f2f3474c,ip_d744d7e1,card_a8aa0d7b,addr_0618c9fc
acct_3bd97df0,dev_36b36984,ip_b4ebc7ea,card_63a2b3ca,addr_da8ac041
acct_1045357d,dev_c7247591,ip_8cd5015c,card_18ad3dc0,addr_1d462395
acct_dbd0de5b,dev_c916fc90,ip_047668c9,car_b0fd0f59,addr_52d9d393
acct_cbbd4875,dev_f3e4f508,ip_ac8e4941,card_97da2560,addr_227b661a
acct_7d3d3084,dev_b378d20d,ip_687f4027,card_59214e36,addr_bce0c237
acct_619a8a18,dev_f99a7ab4,ip_9af206fa,card_c292b9c1,addr_b051122f
acct_6716629c,dev_6b4c8e07,ip_874ae585,card_2545eb81,addr_15a3f08d
acct_053ab951,dev_938c0ebb,ip_f00b5b08,card_28921a8d,addr_62664077
acct_a2bc6d17,dev_989940dc,ip_bf8e78b8,card_5b2c83a3,addr_3dccfdb4
acct_256f6f66,dev_b1216cb0,ip_8b86f508,card_c7e1692c,addr_3cd0a137
acct_b93ad7f0,dev_2cbadcf9,ip_2acca3e1,card_e838e667,addr_eb647cc9
acct_5e659437,dev_b1827300,ip_eaebfe9f,card_c865a86f,addr_c9e4701e
acct_b10d69c8,dev_e9791257,ip_466f7b7c,card_ce79ab01,addr_bc33fe30
acct_db029781,dev_80af1fce,ip_814ecfe4,card_980f98a1,addr_804e5458
acct_0d3eb2a2,dev_b50251a7,ip_e7dd6bda,card_1f16a0c8,addr_46b973d6
acct_c725fc9e,dev_d7948922,ip_63bd569c,card_38d0c0ce,addr_18a0c5d4
acct_e9628670,dev_23469d7a,ip_48d15d59,card_118b13fb,addr_0732c416
acct_1d90e7f9,dev_ed698661,ip_b1c9a97d,card_3a385354,addr_364c5e41
acct_35d57904,dev_915dd116,ip_dbedf7fc,card_492d33cf,addr_85d44938
acct_73cbca7b,dev_a404796e,ip_6be58cb9,card_ffae2f23,addr_afc06074
acct_246bd005,dev_92f88ec4,ip_f609b51d,card_404ffa4e,addr_fc770c55
acct_c0e7cfb3,dev_cab41991,ip_8ad5d734,card_fe51b8f1,addr_0edcbb57
acct_4b645f31,dev_f83c6837,ip_da8e27e6,card_177689f4,addr_17d2c6c2
acct_874b97c0,dev_bb94770f,ip_1bf40627,card_9ee3eaed,addr_914de77c
acct_5902f6c6,dev_8c9203cc,ip_ed62b950,card_52689b0f,addr_7fbd80fc
acct_4377cdd5,dev_64f7f1c9,ip_c3bc1f09,card_25f9a48d,addr_8654adb8
acct_8215caa9,dev_ca3f68a8,ip_ed58d15c,card_6dd55855,addr_d5585056
acct_fd641e30,dev_ac9b4b91,ip_0a54b142,card_e0598262,addr_ebcee63f
acct_6bb3acb0,dev_1344c7d1,ip_21c3a150,card_4136729a,addr_e69451c3
acct_03bc0f22,dev_d97b381e,ip_9e352530,card_65612421,addr_0fb2aade
acct_061b7ba9,dev_f6576023,ip_f73b3dc4,card_0248410d,addr_47b289cb
acct_82aab752,dev_48fa7873,ip_a0df6b6c,card_567c6ede,addr_2c73dfac
acct_5753ae63,dev_6cddcb08,ip_69a56c20,card_62141331,addr_8b3ac9ee
acct_433f7e71,dev_e2fb180a,ip_d396f76b,card_f5e4ee2e,addr_793fe295
acct_4b74583b,dev_2eabe7f0,ip_185291ea,card_5bb5f2af,addr_d8293f06
acct_6df56459,dev_967788ff,ip_1e8935b3,card_70316dcb,addr_0eb319b8
acct_c2eec551,dev_9abec069,ip_4329c4ca,card_9207ce2d,addr_7721af6e
acct_1f49c224,dev_ea65d2b0,ip_10ccb592,card_5a34e6e0,addr_9d3bf1dc
acct_0c968aef,dev_2731cd61,ip_50c6ac70,card_3190cf8a,addr_41d3cd05
acct_77df6e0d,dev_6fcb3d1a,ip_522aba40,card_916b23a5,addr_17937bf5
acct_d1845b0b,dev_fc57b320,ip_05bcc6e8,card_c66a4c7f,addr_be800443
acct_65e9c3ea,dev_95d9a5a2,ip_1fc76a90,card_ab2936af,addr_988b21da
acct_b1a8737a,dev_3643e5cb,ip_1ab5f34b,card_cc5d1ff4,addr_4453182c
acct_b7107e09,dev_e407342f,ip_d4fde4ca,card_d9f5f5eb,addr_bcf491cc
acct_b1977bae,dev_1935bf9f,ip_3e660036,card_2b9f7462,addr_d5dcf6f0
acct_b71488d8,dev_b3f7400c,ip_f7260fcf,card_71806080,addr_a916bd06
acct_e913a0a7,dev_149d6695,ip_674684d3,card_bdc3566b,addr_6d73db89
acct_01d3b2a6,dev_3c7ce163,ip_23458045,card_755d4cda,addr_e91a22e7
acct_b289dad9,dev_4a0d4649,ip_a106f0da,card_5bd05485,addr_7ff282ad
acct_565b6e72,dev_10bea0f9,ip_e9b7721b,card_d61c1c17,addr_5e601361
acct_bf4013c0,dev_3408b230,ip_fae52a33,card_0e24401d,addr_1abb7452
acct_78cbe19b,dev_02a8fd99,ip_04806e48,card_202e5ee9,addr_332791dd
acct_57992b93,dev_2999c781,ip_b75d3eb9,card_33a0ead1,addr_6ca9b430
acct_02e07957,dev_581536f6,ip_c5e5bfe8,card_9da089fb,addr_bba5fb19
acct_4694e465,dev_980c587b,ip_5a57ceaf,card_529050de,addr_dee513c1
acct_274a6bde,dev_4d40f188,ip_d76d5405,card_c73d9cdb,addr_024017cd
acct_48b7bc74,dev_aa5df61a,ip_641d88db,card_16b25b44,addr_e358e31a
acct_75310779,dev_2fdc3f76,ip_273bafe2,card_6c63812e,addr_c878e784
acct_3f518a94,dev_88a19eb0,ip_46e4e918,card_14c25010,addr_068ed137
acct_4868935c,dev_860a20cb,ip_d56e046f,card_e56b3ab1,addr_5e3495ae
acct_ec78ee9f,dev_d0122595,ip_c924266b,card_0b375681,addr_78d41b82
acct_9372ae34,dev_a81ecd3f,ip_64f28798,card_81ad973c,addr_32e0b903
acct_e27f16cf,dev_8e2901e7,ip_733ea140,card_00781a04,addr_d43e2b79
acct_7cbba9ec,dev_8a3b76fc,ip_d710d7b4,card_741026f7,addr_3b43bf34
acct_3a5c8c3b,dev_542a0c80,ip_fa6a6140,card_78ebd9eb,addr_df77ce93
acct_be33cd67,dev_3e91d080,ip_5a5b1946,card_25e820e3,addr_8e9c1f18
acct_b90c3be9,dev_f80c937c,ip_ed980f8e,card_5c50da19,addr_c4f5baa8
acct_e0c3308b,dev_6811e626,ip_5e7e2393,card_e266e8cc,addr_b39faf15
acct_71d59fc1,dev_b2462e0f,ip_76a1358f,card_4289caf9,addr_403b1313
acct_0072fede,dev_fcdcd30b,ip_0bd9ac6e,card_69a84f7a,addr_6d7f1f54
acct_dca18e21,dev_187de405,ip_8bce1a17,card_f785e9f8,addr_3cbe7b14
acct_827de579,dev_fc0ffd03,ip_6a92ef65,card_c2580433,addr_ccb9a9b6
acct_6155642f,dev_55c279aa,ip_ef7fa285,card_8d77c1f5,addr_d37bd367
acct_57a7991b,dev_d4690deb,ip_c924266b,card_94a111e5,addr_2279e52a
acct_d3b10fd5,dev_f228401b,ip_1ea9eae8,card_995f43a9,addr_177ebdc9
acct_65ce0026,dev_a13673d7,ip_765d0a0b,card_22ac4f0f,addr_8e099bb4
acct_4de5dad4,dev_e5b88887,ip_bac7264d,card_42435131,addr_8a19707d
acct_43f290c6,dev_a702e0f0,ip_580a9a6e,card_182d023e,addr_bd10a811
acct_a2b87f5d,dev_639fec89,ip_430d9ab8,card_5dcf155d,addr_04ab98fe
acct_90925abe,dev_3540adb5,ip_88cac62c,card_86b31add,addr_f5a995c7
acct_bbad1164,dev_d4ae2841,ip_b5824c59,card_8c8a76c7,addr_1eba4850
acct_e3e658f5,dev_f59bb2cb,ip_fa7b9c29,card_4d48beec,addr_22f8ec3a
acct_cde7d64e,dev_bf69a7dc,ip_1f48b44e,card_949179cd,addr_1f80f3a5
acct_110fb05d,dev_d51a8147,ip_1ad18a25,card_2a09bc86,addr_712f4eae
acct_b80de54f,dev_0c7e03c9,ip_c8b1eaa1,card_2484aeec,addr_692d5ee3
acct_d2552a9a,dev_70d91cad,ip_966a4706,card_eeff69f8,addr_ba6e3613
acct_9575db35,dev_e3d186b1,ip_43614e0d,card_965b826c,addr_0cca956d
acct_d0750c88,dev_4567b9d7,ip_3963fb43,card_7ac4e21f,addr_511820bc
acct_4eb0b7a8,dev_75dd8ade,ip_fb37d869,card_07587e48,addr_5bbf4011
acct_44b30d33,dev_a483f39d,ip_5efc62f5,card_13f57030,addr_a7c6dea7
acct_3ca593f8,dev_8d765357,ip_8fa91185,card_67b33cb5,addr_e5545c0e
acct_f76664a1,dev_c52959df,ip_8e16ba6a,card_db99e9cf,addr_80450c6c
acct_d4b0c35b,dev_7f20507f,ip_44c35079,card_d5ffefa2,addr_1fac8b60
acct_0bee35d2,dev_cd2b84e5,ip_305deede,card_33e6ea24,addr_27373359
acct_854d6081,dev_69766ee0,ip_e9a98fb5,card_ff0284ae,addr_188aa43e
acct_81677aea,dev_19feb6c2,ip_a3b376e6,card_b3b9b17d,addr_850abd8c
acct_aa3d606c,dev_8703280f,ip_56139cb1,card_f5c17d20,addr_db22e931
acct_c643b460,dev_6863e9ff,ip_3b238889,card_a3b4a4b0,addr_7f395f59
acct_5ad2eb90,dev_e30f1913,ip_21a4c32f,card_ff9048aa,addr_87efa97f
acct_4dc5de26,dev_4732bd07,ip_0a65a784,card_584353ee,addr_775423c9
acct_549ba3e4,dev_661cfb6f,ip_fe72060f,card_73fce683,addr_e978b6d5
acct_71b4d298,dev_a0c647bb,ip_a149000f,card_240971f8,addr_31c99cb6
acct_225e4eb8,dev_5466f6d5,ip_b383802b,card_9ab1c5e4,addr_4bcae713
acct_f225d2a1,dev_c0bec710,ip_d37ec930,card_e00a0368,addr_310820b4
acct_f75828c8,dev_ab23593c,ip_d98f3636,card_44697aa1,addr_54029a01
acct_ed128642,dev_135877ae,ip_31ea91b8,card_ea310107,addr_0d6f1811
acct_21607950,dev_3a24b71f,ip_fb639861,card_dab2eb10,addr_966c2394
acct_e9cfed7f,dev_ea810384,ip_9d40d483,card_98e26bcf,addr_6f8c3cde
acct_2b85fcd3,dev_9d1e3eee,ip_44f8c088,card_5a3ea39b,addr_bca0ca4f
acct_07569a16,dev_6f1bb4cf,ip_193d5573,card_c5d0ea62,addr_064c0c07
acct_e2135fad,dev_9a79a03e,ip_cf2a7197,card_942dc5f0,addr_ff92ea47
acct_577a184e,dev_47164207,ip_b24c4630,card_b504caf5,addr_abf0df4a
acct_1fd4cffc,dev_4711d64c,ip_407619e1,card_016272d2,addr_8369ecdb
acct_b037a5ab,dev_475a82a9,ip_2cdc1e63,card_85f159db,addr_31ec057e
acct_ba2b9ad4,dev_facef8ed,ip_a02252cd,card_1db3626e,addr_81bcc7ff
acct_f6356181,dev_90ce029b,ip_775d3fc2,card_f7f37c5d,addr_8d0c194d
acct_9f8ce293,dev_e1a0a9d3,ip_826a1f9c,card_c3c39b5d,addr_8211c2b1
acct_a418d1ce,dev_55dd57f0,ip_4da71a16,card_7137687a,addr_7c1a5c2f
acct_fdf4240d,dev_9c215005,ip_adc45640,card_d3e1f400,addr_8324ecc4
acct_592febeb,dev_32980aac,ip_44d41cf3,card_020594dd,addr_7ef6db0d
acct_a80d1491,dev_f34a646a,ip_8926b864,card_fa8a0e20,addr_3b451b02
acct_2f503f27,dev_289fa602,ip_11dcefda,card_fbbe8d44,addr_373779e9
acct_17571990,dev_8f15dcdf,ip_aad26edc,card_4979296e,addr_3f50f07c
acct_f591df47,dev_0b003b57,ip_31c73c63,card_0526e9ca,addr_e623349b
acct_5d62aa3d,dev_de61db6c,ip_805e11c3,card_e9193c9d,addr_a892e7c2
acct_4ad91365,dev_2e55350e,ip_d5e13ef4,card_47d10e86,addr_043b8d54
acct_ae8a67f5,dev_a5c2f6de,ip_4f30e828,card_88baf66b,addr_7b4dfec4
acct_5481e48a,dev_44d770f2,ip_54e5ea7c,card_d6742fa7,addr_61add394
acct_badeafbc,dev_4c64a23c,ip_48fe412b,card_51e95130,addr_5242d283
acct_c52bb19c,dev_91c509f2,ip_10be1124,car_727b7c7b,addr_8a38e80e
acct_cd793a1f,dev_b9395ba7,ip_17bdd5b1,card_31fc361e,addr_f3757b32
acct_76fc30a0,dev_e96a94da,ip_685ebb28,card_9de01226,addr_f2fc6786
acct_adabc8ec,dev_a92c74c9,ip_58dc31b9,card_395e1cd6,addr_1daa3bdd
acct_d208a196,dev_4eb47291,ip_123171e6,car_18e9983a,addr_9c4cc712
acct_e4759242,dev_2f0445ca,ip_1e560fe5,card_fbc8d5b6,addr_5b1a4689
acct_ed4214bb,dev_be612991,ip_4e4c4897,card_940b6387,addr_5399f05e
acct_989783c7,dev_6b148931,ip_5a972fc2,card_792f6416,addr_d2df90d1
acct_c44c6350,dev_dc684ae7,ip_2e4e8560,card_750424d8,addr_ff352b3a
acct_49d997e5,dev_e1627c27,ip_41366e08,card_b2958ffc,addr_0122972e
acct_79921a7e,dev_5c7be4fa,ip_d1597d8e,card_666b56db,addr_85d44938
acct_7469266e,dev_e14c659d,ip_21c0518f,card_e6b4f703,addr_32522936
acct_bb38d741,dev_b86852ca,ip_00a1e4e5,card_e0220bb0,addr_05461124
acct_7ac175cf,dev_2409c8e2,ip_7edb73d0,card_5b6256e0,addr_ed35e876
acct_1549e82f,dev_6752d36c,ip_a16d08d3,card_5da90276,addr_ae66773f
acct_2a9555f1,dev_e61010c5,ip_c4d8d244,card_58b6ae9c,addr_1b6afe83
acct_811dfc82,dev_1c971ab5,ip_6bdf9157,card_a2706442,addr_467d8f64
acct_df4b9f3a,dev_09c3e313,ip_e5306e0e,card_ccc4c336,addr_431d437c
acct_4880a864,dev_74ee20e2,ip_4df54eb3,card_988c3ed9,addr_133a01cf
acct_63fc864c,dev_c41e5cc5,ip_d554094c,card_55eb44d7,addr_ebd39c5f
acct_2191310e,dev_decb2bfb,ip_b818fcaa,card_ba0b5311,addr_a7b69bec
acct_710253ee,dev_1f4507fd,ip_2c5e5bab,card_a7dace0b,addr_064c0c07
acct_08c9e480,dev_8349f3a6,ip_004caef5,card_3d5277ce,addr_c9dd520a
acct_7d43e10a,dev_019b17a1,ip_8641f44b,card_d19faa4a,addr_bc4d7247
acct_39f0bc8c,dev_4a2d58b4,ip_759a88e6,card_126a7d0b,addr_30cd5e76
acct_cd8dba76,dev_cbec3248,ip_64d9409a,card_315f86c5,addr_78fb1168
acct_5fb7b174,dev_b876b746,ip_0119c118,card_0f5fef4b,addr_e889f0c3
acct_f7789dc6,dev_b803e434,ip_a4f0573e,card_f519cdbf,addr_5ea5b95a
acct_bdd23cd3,dev_8eebca0a,ip_ee92b16f,card_29848a46,addr_6ce47767
acct_03656392,dev_c5b40933,ip_bb878fe1,card_7e2ae59a,addr_2b608941
acct_51922480,dev_37ee4434,ip_6f95253a,card_1d67b041,addr_f5fe77eb
acct_65f37952,dev_1cdc32c0,ip_008fa4ad,card_7ab19952,addr_631d0c83
acct_2d61e7b4,dev_44eedbd8,ip_54bd19c1,card_5dfeae73,addr_b68e062a
acct_a42421bd,dev_4f6a083a,ip_fe82a0cf,card_e40dfe3c,addr_151584c4
acct_2feb6ad4,dev_08eceeb2,ip_4ee6724c,card_649c2e96,addr_68f453dd
acct_2987818a,dev_611e24bc,ip_e45e741c,card_9ed786ca,addr_dc4716e0
acct_2863692e,dev_8a8c0b6a,ip_9e01b79b,card_a77c7778,addr_4e73ca79
acct_d2fbc841,dev_44f8669d,ip_081af0cd,card_1209a7cd,addr_324822c7
acct_ba0ffd1b,dev_2bbe805c,ip_94e93946,card_2f0fbdbd,addr_00ab998c
acct_34230bc1,dev_2ac67611,ip_e23b7147,card_c81039c4,addr_490e342b
acct_198a1a47,dev_0a187633,ip_dfd17664,card_bb428cb1,addr_c5189f7d
acct_ae6577d9,dev_fd8de2d6,ip_a22b29ce,card_d9e9ac05,addr_b474ce84
acct_e43aea10,dev_a8e61868,ip_5953bc7e,card_6891e12f,addr_1b5d86d8
acct_257b5927,dev_db049de9,ip_f378289f,card_286e4909,addr_29f1c1db
acct_0cb721a3,dev_da5d8ff5,ip_ab2b82ff,card_31197edb,addr_7700d959
acct_6c8d3287,dev_44bd8d81,ip_ebf45b32,card_5edd359d,addr_e92b4ee0
acct_b31936df,dev_8d01f5c8,ip_d4202cca,card_d94926c8,addr_35c79c49
acct_a4d134cc,dev_0a59036e,ip_bd965e63,card_02184aa6,addr_81ddc993
acct_9c04734b,dev_18dbe155,ip_f00b5b08,card_0a8e83f1,addr_f243b14f
acct_c32ee0cb,dev_0cb51e6f,ip_83912dbb,card_24cebdc8,addr_fbf540c7
acct_285df482,dev_9a22fb97,ip_e0ed7c66,card_d35349b0,addr_9f33565b
acct_f3254ca9,dev_9e0c1af7,ip_1b99121b,card_0f8d419e,addr_abc24020
acct_810cd652,dev_6e584116,ip_675ad4af,card_c16b6a57,addr_f245a89a
acct_ab37e89b,dev_306f3f01,ip_f22e4145,card_c2bdb9e4,addr_fe09368d
acct_08daa6e5,dev_ddf8720c,ip_d65726a4,card_0ec83a23,addr_93a5aa55
acct_bdc85097,dev_82d93eec,ip_6e658427,card_160d4200,addr_fc7f49b7
acct_d9488cea,dev_e51e632e,ip_a94af9eb,card_c88b80b7,addr_a224cf87
acct_72ab8845,dev_09662b3d,ip_91103f0c,card_a2bb64dc,addr_2157b911
acct_c8582c5d,dev_03277fd4,ip_ac9fa72d,card_905772ee,addr_9b678b3f
acct_0ee3f53f,dev_f989d2bd,ip_9a4ee885,card_d6c38ea3,addr_3d70560c
acct_fc15076a,dev_c783ea00,ip_31cf07b0,card_673479fd,addr_4042b0d6
acct_83f9c448,dev_949d91ec,ip_263e1ef7,card_8cd0d215,addr_a2c5d616
acct_880bbf27,dev_b3bf4fe9,ip_1e461bf5,card_f44dfbbd,addr_c552a903
acct_a430e7bb,dev_0ca7800e,ip_4cd3beb5,card_d2075a34,addr_6fe64547
acct_de7dfec6,dev_09392992,ip_753213ee,card_e3c28b9b,addr_3036ceb8
acct_195dadd8,dev_39155207,ip_d3067405,card_95f773a9,addr_24b1efdf
acct_b9daf87e,dev_bf103d11,ip_eddb641b,card_9c9a081d,addr_80575315
acct_0ddc1de9,dev_5c157f0c,ip_43763111,card_2a26164b,addr_45cd6aa9
acct_91039080,dev_1b5b87b1,ip_31341b18,car_d05177d4,addr_e5107291
acct_f9267f86,dev_7de18eda,ip_3e0713d9,card_3196ca69,addr_3b4a7c98
acct_5b8f01f2,dev_6bfa4f8e,ip_4817b7ef,card_317ebac5,addr_6d799ef0
acct_5fe51c8a,dev_ce6881dc,ip_e058e6b5,card_5bd4ca36,addr_50f0bcad
acct_22a13cac,dev_28c971ed,ip_d0c00efb,card_fe567d7c,addr_5acbb685
acct_6f8f8a59,dev_4b3fdfb8,ip_abadb673,card_cf0c5a0b,addr_66526aab
acct_fe9b7ba3,dev_5294b9f8,ip_b1990657,card_17442fe8,addr_74dd1968
acct_73b87d6a,dev_3daf4241,ip_1b5307d2,card_a6adb88c,addr_616e4652
acct_43a57808,dev_476e4624,ip_cdab2b6d,card_b846004a,addr_f956fee1
acct_39f7e572,dev_e35dbd9b,ip_b1e1e033,card_fbd1190f,addr_b87ac7ec
acct_eac9f87a,dev_6a87b3c9,ip_65761dfc,card_079f5831,addr_e4f4e2f7
acct_2bb99591,dev_fcaf352c,ip_ea8f75aa,card_2633e1b2,addr_6502e2f3
acct_61af6345,dev_e8b0ec74,ip_8ce68037,car_2e922ba2,addr_891dfc08
acct_56fd3243,dev_9d790a97,ip_4b6a9062,card_a02b9c8c,addr_280c6222
acct_1a2b191a,dev_73ab9dd6,ip_ea8f75aa,card_5b683e74,addr_7302a5d6
acct_80ffa077,dev_af0a0980,ip_52cd5fd3,card_50a72b93,addr_7ef2d698
acct_8f60fd16,dev_a08ab565,ip_0199aa2b,card_de750a00,addr_4c4c5e01
acct_2873ed5c,dev_aa88b3c1,ip_9ade7345,car_18e9983a,addr_7b2f6f43
acct_a10ed408,dev_2ab4ee49,ip_27c01f47,car_320f0898,addr_731f5db6
acct_70ab594d,dev_c2f790fc,ip_4e0eaf8a,card_2bfeeaf3,addr_1d0f1e7f
acct_597ada02,dev_9dffd3dc,ip_64031028,card_9d18034b,addr_8228fd98
acct_890faf47,dev_8a269cb7,ip_a5a1aa4c,card_86176ada,addr_ade6d486
acct_1cccea81,dev_c0040003,ip_c662e706,card_9cdcb235,addr_160c1ac5
acct_1c8e5c79,dev_105569cd,ip_342f725f,card_dc431e56,addr_fb18ffa9
acct_ad970309,dev_aac1cc48,ip_f856b912,card_c2d3a28c,addr_0c0a89ce
acct_a8ace452,dev_8cc2ae4e,ip_84b27dc5,card_32e5188a,addr_c05fec14
acct_08f2e5ee,dev_72867b1e,ip_d8ac6fc7,card_b0ceeddb,addr_8f17eee9
acct_3d90e305,dev_f0fa9453,ip_b6cb981f,card_1e2c19d1,addr_d586682b
acct_040cd805,dev_fba97e32,ip_ff481da7,card_0cd4935d,addr_9bdfd516
acct_769265d1,dev_662f46ff,ip_d4fde4ca,card_6c752ce2,addr_a102718f
acct_7ad1b740,dev_c1a4f576,ip_2ad13133,card_957e1f00,addr_17fd8177
acct_bd5a9231,dev_41905e3d,ip_96552710,card_1ccb4489,addr_773adf5b
acct_0fe0f56c,dev_b731aded,ip_97af21ec,card_cff82c0e,addr_c79d47d0
acct_e9237985,dev_2b72a441,ip_3b207ff6,card_cd34b6c7,addr_d1bff80c
acct_912cfa6b,dev_d2758493,ip_d26cfb9e,card_d26c9466,addr_bd07eb2f
acct_bf396563,dev_793b74f8,ip_d2f5dfae,card_01c39e6a,addr_772395a1
acct_da76b320,dev_dae46073,ip_b0210a67,card_ee3522a3,addr_c246714a
acct_35b89cbe,dev_0386ff8a,ip_bfbf92b0,card_3f6cb406,addr_4fc15a9c
acct_19219441,dev_56e1a644,ip_49092fdf,card_b779a957,addr_5b9d1ab6
acct_ef26ebaa,dev_a490a110,ip_447e6d3b,card_dd87c4a2,addr_3cf5bcd0
acct_382a972d,dev_e4eb397b,ip_f22e4145,card_2cacc267,addr_139c4046
acct_21efc7a9,dev_ebdc6e80,ip_ff032cd3,card_00058e80,addr_5b9ecddd
acct_7f027e06,dev_6720d499,ip_a5df89f0,car_59dea39a,addr_fe93dac5
acct_aeba0374,dev_311ab209,ip_424e55a9,card_27807fe0,addr_6db31e2d
acct_9eeb1f45,dev_66a808f4,ip_9fc8a355,card_1ca30dc5,addr_640dc14e
acct_cfbb8bfb,dev_2436a17e,ip_d48bca6e,card_c37473bf,addr_4022aaed
acct_dbaa9a11,dev_a4541101,ip_2868bc39,card_17638029,addr_0d590128
acct_638af47c,dev_ce478250,ip_8aa75ebf,card_6a541cd5,addr_034275ec
acct_a6ca3675,dev_807eb332,ip_78ce93f1,card_a2ff315b,addr_664f4a63
acct_fc0c4450,dev_388ebfff,ip_0fd47a96,card_f4c2f518,addr_a0b45cfa
acct_bf86480d,dev_562f9bc4,ip_7d161816,card_55691df5,addr_68a650ba
acct_e475043a,dev_12fb3c4b,ip_56a237f1,card_37c11410,addr_49f15ba3
acct_ba521e4a,dev_19c6f037,ip_38ed978c,card_e991bf83,addr_1644c4be
acct_7856d072,dev_dc1787f5,ip_86f88102,card_871bda4a,addr_3c93aef4
acct_bd8d3879,dev_02d43434,ip_7ef2a68e,card_630e6f0d,addr_1ce803ce
acct_16151cca,dev_9b4ca019,ip_18fda965,card_1ef3ad56,addr_cc358700
acct_44e08b1f,dev_791ccb22,ip_99ccbff6,card_69804b2e,addr_1f8e8847
acct_077963b5,dev_55c241ae,ip_c822db9b,card_4d1681d0,addr_37ed1e10
acct_567d24b9,dev_74eb0d40,ip_6c247edf,card_f28da307,addr_02c391fa
acct_54bdea7d,dev_a4858f9a,ip_965192ea,card_d1a9da43,addr_76b07286
acct_ef43cd15,dev_e1237cd8,ip_86bc76e5,card_c16335f5,addr_c61748e6
acct_d9b67d7c,dev_1d96418c,ip_28c11bae,card_3f4e9655,addr_51eb53a9
acct_d1b436d6,dev_bebe389e,ip_7dd326cc,card_806b2c44,addr_f6178a69
acct_0e552f3b,dev_a58156c8,ip_e2b855ad,card_4beac951,addr_930b0354
acct_072e3c16,dev_c9f280d6,ip_8f42acec,card_e5e9103e,addr_180a41b9
acct_9d8cb60e,dev_5accb1e6,ip_b9a4fa42,card_d4069686,addr_5f69c540
acct_7ab3bc56,dev_deef8797,ip_4d3d7e10,card_c3993c83,addr_6d0dae8b
acct_34ca2092,dev_81c26f86,ip_2b4039e5,card_faee78a8,addr_cb4faa71
acct_e72c8843,dev_e70e1c71,ip_e463e180,card_c04a123e,addr_98a3c754
acct_44fc8b7c,dev_bc8c8f79,ip_8660b3ae,card_9536f2cc,addr_f5932e77
acct_7bf7061c,dev_b123fe9e,ip_77f0c9c2,card_6ba99dc4,addr_af722871
acct_5ae762bc,dev_4d8ee094,ip_9d6d73de,card_53e854be,addr_697e474b
acct_a4f43fb8,dev_539664d1,ip_690bc39f,card_99f0da50,addr_be549f63
acct_1ab35bde,dev_2111222e,ip_c3c315c7,card_954d06c2,addr_9942e6fb
acct_566469d6,dev_114eeeae,ip_18edf7f5,card_0f498acb,addr_27eb3354
acct_cbe16ab2,dev_62763861,ip_949275f2,card_181a0a6c,addr_b1b05e80
acct_496b9200,dev_20a39da8,ip_6c8d5197,card_c81b92c1,addr_4b254ab8
acct_676419b8,dev_ab1752d8,ip_8a308d3e,card_ee4c1f67,addr_6a6494b2
acct_ef21eeec,dev_d3fa019d,ip_07adb492,card_c18cd44f,addr_5f8bc5be
acct_8cb3e337,dev_23b98067,ip_26144373,card_a90498c4,addr_cfd13f1f
acct_c95078b8,dev_aadcd5ed,ip_e5495a0f,card_fbf57a7d,addr_00aec64d
acct_6febc0fd,dev_9796f9bd,ip_ccf780d9,card_93c901b6,addr_7247c11e
acct_6ee79719,dev_ef48f6c5,ip_35f00783,card_e6ed8385,addr_fb0579d0
acct_4c3ea1db,dev_e2e1d59f,ip_7b763667,card_0078ca3e,addr_ff5a4d53
acct_3f5551e6,dev_3e4e907e,ip_fa81453a,card_3165a9d2,addr_951188ff
acct_33ac5132,dev_b3b997fe,ip_e8f03b65,card_ab26c2fe,addr_33699e79
acct_ba9b5ad1,dev_b956973b,ip_a149000f,card_3f67d9c9,addr_2ae554db
acct_88da1ecb,dev_5dfaeecf,ip_4b20669b,card_5cdb039c,addr_9b15ba24
acct_a6a6f11d,dev_7e073b01,ip_ec3d32be,card_d49e8e42,addr_7cc3fbfd
acct_15310bf7,dev_0d9b1bbe,ip_1310035d,card_b2d538fc,addr_e433d17f
acct_1cf1b919,dev_dc96a0e0,ip_b41bf3ef,card_7259e443,addr_a7eeda49
acct_e82dd996,dev_bc0504ba,ip_9602e645,card_f4ed8587,addr_2d69302a
acct_5f1b1a6e,dev_1534cf3f,ip_b6094cbb,card_2481112b,addr_d632a61e
acct_06884a24,dev_ab2c1782,ip_f8bbc89f,card_edcaf6ee,addr_99950f77
acct_131abaa2,dev_8e909195,ip_e6e1891a,card_c19028c0,addr_6798b898
acct_229ee686,dev_5231d958,ip_a84604f1,card_d53e876a,addr_308fd87f
acct_dbd32a16,dev_2ce453b5,ip_3eae5543,card_566f39c1,addr_8782d937
acct_44ed398a,dev_faf1eb47,ip_44bf19c9,card_c97109ae,addr_ff32858e
acct_a567b7dc,dev_bf92ab4e,ip_839f3ba3,card_9711846b,addr_f68f3cf3
acct_e2fbb2b5,dev_a76ea1b1,ip_d5ce2a66,card_e97bca8b,addr_c6113562
acct_ff6a3a3f,dev_41274400,ip_029aa5bb,card_1d2d5654,addr_634fd16b
acct_c65eef7f,dev_5057f3df,ip_9d40d483,card_5000929c,addr_8003d0ad
acct_18284dee,dev_26d55cce,ip_9ae290f1,card_8d0e1c85,addr_fcefce03
acct_709aef22,dev_8146331e,ip_1f65d2aa,card_c034f0b5,addr_4721a77d
acct_c3905906,dev_9df3edad,ip_a6db2e25,card_3cbda2e2,addr_c9bb3c66
acct_a9572d28,dev_dcefb5f3,ip_9e41bdef,card_7681c4f7,addr_a6789ee6
acct_3ed47bab,dev_4c29f878,ip_afbeac28,card_04e6b168,addr_09907877
acct_dbc13477,dev_5777a233,ip_e1872dd4,card_fffcd40a,addr_cdc5772e
acct_f8abb784,dev_a166d7e6,ip_6d599e3e,card_937dfb97,addr_1f80f3a5
acct_5de9e9fc,dev_9b81f860,ip_27f75420,card_65b9c57a,addr_d4e94d28
acct_0edc0f0c,dev_79b46856,ip_1086138c,card_7fc0d451,addr_06373e0d
acct_74df4e8c,dev_9dad6d1e,ip_bdfc1035,card_3553c010,addr_adc85eba
acct_7a4708d9,dev_d4db451f,ip_ed6ea122,card_71bbce06,addr_7eb3d335
acct_fa1c0835,dev_f7ead37f,ip_1e23536f,card_3647455e,addr_926cdbc2
acct_b00fd304,dev_6a9de727,ip_5fabaede,card_f0551763,addr_34efe765
acct_d9acbcd6,dev_1d71cb10,ip_904a87c8,card_de6b970e,addr_c88facd7
acct_648d4446,dev_2b3d86c2,ip_210bca66,card_ac89f310,addr_8b406fda
acct_c9a24347,dev_411a6131,ip_8570d75a,card_10b2b5a9,addr_4cc93520
acct_a817ea42,dev_7d7ba4f4,ip_2dbbb490,card_69ca226f,addr_6ec4f344
acct_33a6f90a,dev_7b5bc6d1,ip_fb825ad8,card_bd982fca,addr_f1a7a336
acct_c3ee1f27,dev_e958f1cb,ip_2ad13133,card_11902702,addr_1f491048
acct_e1c60ae7,dev_b20db13a,ip_e53924b4,card_0c8a9ca9,addr_f5049193
acct_cbee6e93,dev_19948f43,ip_4d78036f,card_b6cc28a9,addr_c6352f68
acct_3151f24a,dev_14e1338f,ip_7f3f9a3b,card_1b2cd99f,addr_a7e96f3f
acct_c877dc5b,dev_97b6f336,ip_29a4d730,card_a4f8da5a,addr_f45e1f7f
acct_664c73e6,dev_f05c8fc1,ip_0d0fe8fe,card_617f3153,addr_181ae2a9
acct_5f87b637,dev_2e59b1ca,ip_b44fe9ca,card_0898a2e4,addr_e78540f7
acct_18d909b1,dev_fd224ea3,ip_8c87ccec,card_11ca15c8,addr_15a3f08d
acct_b2726d10,dev_af243ec2,ip_ca2618ad,card_0ccdff0b,addr_385788ee
acct_e88f8b6f,dev_fab8542a,ip_356cafb5,card_bd753b58,addr_9784b319
acct_71b7e8ba,dev_99cd33df,ip_8803ccd6,card_f10921ac,addr_91ecae13
acct_7e24754d,dev_cfc6e218,ip_02017ffe,card_14ec44f4,addr_33ebf924
acct_b428a5fa,dev_83637803,ip_206c4788,card_42ba6bef,addr_74d44df8
acct_c7eb7eea,dev_b2d7540a,ip_0bdc8305,card_91fad1bb,addr_4ba8408c
acct_e9a24df9,dev_35a1db53,ip_641d88db,card_eeb10902,addr_a4645fbd
acct_fcf20972,dev_7edef8c4,ip_fe837d1f,card_bd2d12e6,addr_9bdfd817
acct_0ed0588d,dev_21c27add,ip_bad3d583,card_522c13f7,addr_24f27c1c
acct_e0fec2d8,dev_c1de33bb,ip_5a212e67,card_c06a50e1,addr_5c6213d5
acct_46e150ba,dev_f582a7d3,ip_553db469,card_91743f3e,addr_b8b49458
acct_90ccb70d,dev_bb750257,ip_7225d289,card_e069f696,addr_a52e82fa
acct_7da01320,dev_7d493e3e,ip_cf9b4c7a,card_398e0cce,addr_adab8fa3
acct_2e06bbe7,dev_3fe26011,ip_05867830,card_e00ca8aa,addr_140e6b03
acct_0080399d,dev_e9fa1f40,ip_b042169c,card_dc0e04fb,addr_46e12127
acct_694b78f0,dev_132c7c8f,ip_d7e10bfa,card_9962bf67,addr_27980e45
acct_93fbeb74,dev_f6d1d2ee,ip_ed335e45,card_c7325ca5,addr_cf7e2b4c
acct_6ffa73c2,dev_54326479,ip_a505aa82,card_6c48c342,addr_e4b5288e
acct_755ba14d,dev_e5ba847d,ip_68d64034,card_f8daf59a,addr_b4143128
acct_00ee9a73,dev_a618333c,ip_d1e954af,card_3f4d78da,addr_35f86d3b
acct_d4281383,dev_ccb6067d,ip_6f5e4d3c,card_3718f1e2,addr_65efd387
acct_242987b8,dev_f5ffcee1,ip_5522ebf4,card_635523b3,addr_4162a46b
acct_12b64c4c,dev_7d50620f,ip_a84604f1,card_f05fef91,addr_0e2c4894
acct_780056da,dev_d7e784fc,ip_762d9077,card_549285a5,addr_b2008032
acct_50a13c98,dev_6a543ae5,ip_c47d35b2,card_42d245af,addr_c7d379d8
acct_ca12a01b,dev_1c54d76b,ip_9eeca3ac,card_66dd2a9b,addr_1b6c7e98
acct_245a311c,dev_fd39e0fa,ip_6f4f1d4d,card_59697d96,addr_7956bae6
acct_48c6cc6e,dev_c9a3ae0d,ip_5a1c1332,card_e909e98e,addr_ffafc125
acct_33150b10,dev_65f006e1,ip_7c0d4349,card_473e817d,addr_19f08abf
acct_2861e9ab,dev_4747f73c,ip_f4198a3f,card_511af39d,addr_d5c65558
acct_da855796,dev_0611ce34,ip_2a7f6126,card_cbee1f85,addr_c88134d7
acct_b7a197b5,dev_e9f0d09d,ip_ee438d38,card_41d38a40,addr_37b0c669
acct_dd6e81ef,dev_8494e3bd,ip_1cda3cc4,card_6b7f0e4e,addr_9c803897
acct_34dab953,dev_91ae62f5,ip_70f94fba,card_eb3e8b1a,addr_3ba1c2dd
acct_baaa5a99,dev_c60d0a89,ip_9dd7722a,card_9aa5ca8e,addr_eac23a68
acct_a231c75f,dev_4b434d8f,ip_a03941a2,card_be933d86,addr_9c411285
acct_6929bf53,dev_c94b0316,ip_489f133c,card_c13f3c5a,addr_44ecbfd7
acct_44d8741f,dev_505c43b7,ip_31c193c7,card_961679ee,addr_63642197
acct_de8efe53,dev_12f0855d,ip_56604996,card_2d20b848,addr_8e9c1f18
acct_60e0747c,dev_de12a3b4,ip_c8df614d,card_f6d0e20c,addr_122ccc16
acct_93f9389b,dev_08ae6f53,ip_d60af336,card_558b354d,addr_ea086105
acct_0e00f2cd,dev_4ac0c55e,ip_03548c63,card_938a17cd,addr_79e6c43f
acct_8dd7fec2,dev_a4e43dd4,ip_b62ae8a6,car_6f154a86,addr_e9936ed7
acct_eda82517,dev_f8729ef6,ip_ba855983,card_635ad41f,addr_a1d69676
acct_b8e74e71,dev_54f6bf95,ip_844d8ef2,card_8586eb24,addr_81ae12c3
acct_69e2052f,dev_b7035e10,ip_d4202cca,card_4bd8cefd,addr_73d35fd5
acct_b7c7d6e0,dev_fc8ffb99,ip_c321ac53,card_84f25c0f,addr_d0715fc8
acct_e0687e8f,dev_79e3bba0,ip_7ea2e868,card_ec52edbb,addr_12f0bf57
acct_151f4aa9,dev_57d3f686,ip_381d0c8c,card_ef9e708f,addr_83a58d62
acct_05036d58,dev_8297db61,ip_7dd5eb45,card_63339cef,addr_410fc139
acct_08067bf4,dev_89e25473,ip_4807cc38,card_d0087b06,addr_f5a995c7
acct_3a12ee35,dev_73402368,ip_6452d583,card_da35b226,addr_5c6213d5
acct_aad34390,dev_0458c4a6,ip_56992fcd,card_eca26425,addr_c65a87ab
acct_cba08efd,dev_420b7f54,ip_d9c278e8,card_3278910a,addr_29cbae78
acct_2b636843,dev_3070aa28,ip_5e4c94cc,card_5028f945,addr_06e215ef
acct_f52461f0,dev_db60a318,ip_641d88db,card_5780c9dc,addr_0d0cb8f8
acct_7e7667f5,dev_128627d0,ip_21035adb,card_d82712e2,addr_91afa658
acct_78aec84c,dev_8fd5c6b9,ip_c321ac53,card_1703d384,addr_c4e5672f
acct_a4940db5,dev_d17882f8,ip_14bc1864,card_b41b9414,addr_fde8b3c5
acct_85721665,dev_d433a2db,ip_74f87371,card_1e5c0db9,addr_73008a15
acct_24aa44b7,dev_cabec142,ip_44596bcc,card_3678e0f1,addr_3093af75
acct_1d4407d7,dev_a9cb4021,ip_a9e2dd7c,card_e213368e,addr_e004c3c2
acct_2c9daebd,dev_38276564,ip_802ea01c,card_38d10de3,addr_962ef007
acct_6d1d9db1,dev_ae257ec5,ip_0644c674,car_18e9983a,addr_acbd9bb6
acct_7138bc78,dev_3de9c85b,ip_63348bd1,card_8107e74f,addr_a72e4b9c
acct_557bfa16,dev_d517f082,ip_753213ee,card_af64b344,addr_d9b0f7df
acct_97ba6bec,dev_f80b87f6,ip_b69470fe,card_69df663c,addr_07892a39
acct_af18ab3b,dev_a00368cd,ip_827efabc,card_919f9a61,addr_05082627
acct_4f884918,dev_bd645577,ip_47a4e32f,card_b2135508,addr_77013b70
acct_0476f432,dev_48468a95,ip_8aac3d77,card_b8bf9140,addr_c216f7fa
acct_c8dcab4b,dev_08c8dcfb,ip_0e0a9c1d,card_a32af4d2,addr_beec1df3
acct_c7417ef1,dev_8581cc93,ip_5040b798,card_957831f7,addr_5399f05e
acct_c20218ad,dev_10a331fb,ip_785aba1c,card_f2a64f95,addr_2b4a5b99
acct_400fb24b,dev_ab5240ee,ip_8fd1c653,card_1e590c28,addr_91cdcd7b
acct_a730b0b5,dev_14e64aba,ip_794c891f,car_a5942218,addr_baa3877f
acct_ca808231,dev_da780f66,ip_fe823323,card_ad5b2904,addr_f52218d9
acct_23b51101,dev_6de5ae62,ip_4c07c48b,card_ecf295ab,addr_fbfccb75
acct_4ad7170b,dev_ec61afc3,ip_380898bb,card_cfe38367,addr_da6a2d20
acct_063d962c,dev_a653c7a5,ip_2ad13133,card_92b4f8c8,addr_ac94a46d
acct_7526485b,dev_f2e86b56,ip_26ef45b2,card_e6d6699b,addr_6f2459b2
acct_be120b7a,dev_465addc3,ip_31258d5b,card_e1010828,addr_251fccb5
acct_88dcffb7,dev_99190765,ip_0894ea51,card_ec9d6c4c,addr_7d568804
acct_3d1557cf,dev_790d09bc,ip_3ce732b5,card_0526f423,addr_c6d0a5d2
acct_95bc9202,dev_38484d84,ip_6ded6a67,card_bc3c34a8,addr_b7f5bf89
acct_6ba97f3b,dev_3d6837a2,ip_eb60199e,card_2dacb21f,addr_4abddedf
acct_3d7b043e,dev_1dfe7a8e,ip_c1e9bda6,card_8ae7c545,addr_2e251c85
acct_3565295e,dev_7a569670,ip_a74f2aa1,card_87e910f5,addr_98a3c754
acct_142384ca,dev_5de90b8d,ip_0b5bff0a,card_eb31ff3f,addr_56537870
acct_2e9b8695,dev_bf4f353f,ip_960a99f0,card_13d00c41,addr_325addf5
acct_7d2599cb,dev_8dd2a606,ip_ad362446,card_4ab54f35,addr_f2b063ae
acct_877f2892,dev_bb03c65b,ip_ef09b8e6,card_4972987d,addr_fe2cd1d7
acct_a95ebf74,dev_6503be85,ip_130fc9ca,card_aa8d22e8,addr_4186a44c
acct_86e593d5,dev_6e9fa035,ip_63fd21d2,card_6fcb0481,addr_72762116
acct_309be990,dev_d969c642,ip_584666c0,card_e9ab0e3f,addr_5970fa02
acct_de4db261,dev_24d239e6,ip_dbfd9b71,card_30daa745,addr_20aa4655
acct_66788bf6,dev_adb85ce3,ip_08070167,card_107e2d73,addr_25253475
acct_d012c387,dev_0b154d43,ip_2d36f8f0,card_af89cf95,addr_4a4b359d
acct_488c9202,dev_a3f9c144,ip_1b8caf3d,card_a3715608,addr_adb6c83c
acct_29c7a8d9,dev_042e5f13,ip_033dd04b,card_f270723e,addr_54a34388
acct_1bfaa36d,dev_04d8188a,ip_f9acaf97,card_8a203462,addr_b8ebe807
acct_3bbe5f04,dev_82caae8f,ip_5b72b834,card_7d15e014,addr_a4af06e4
acct_4053d9cf,dev_c1392db1,ip_42c40de8,card_c6a7bc57,addr_28606600
acct_7bd6706f,dev_c96352ca,ip_7a19680c,card_146f8940,addr_1cb3fbe5
acct_9191e8c7,dev_230477a5,ip_655dd975,card_d8b13a6a,addr_3c69ebab
acct_f4c0d7b6,dev_6c8d0e76,ip_3d24cc91,card_77a307fd,addr_9c0f30f2
acct_815b7772,dev_248dfeb2,ip_e538eb4f,card_3c472206,addr_14bfbebe
acct_7048d889,dev_80bd568a,ip_c523f05f,card_bef0f0de,addr_0299cdde
acct_1369474e,dev_be26f09e,ip_14d0a0aa,card_75a12322,addr_4d2eab41
acct_b49b0499,dev_8e413de4,ip_9c0617a3,card_ee55062e,addr_72fe2a7e
acct_5afe1980,dev_87ab953d,ip_904b1520,card_c3bb0401,addr_5cd5bf0e
acct_997681c6,dev_424dd331,ip_b6e24863,card_18ce8442,addr_d3ae7b9b
acct_526d8e43,dev_72a5ca07,ip_022222aa,card_11d51398,addr_24bcddab
acct_b469cd30,dev_800955e6,ip_84eb6e26,card_f8e2ec89,addr_d23fc16f
acct_359ec3fd,dev_d60dc1ab,ip_5313ac63,card_17c48fa7,addr_e2ef03dc
acct_d4cd679d,dev_8b8d0894,ip_8aa47ad4,card_6c9a5d25,addr_b7fe4afc
acct_e82c9943,dev_3c022001,ip_c32d0ca4,card_08935fef,addr_d8fe61ef
acct_1a27b4f0,dev_834b4681,ip_61a7dd57,card_f19f5360,addr_b4ec0a0d
acct_96974243,dev_cdc976e0,ip_07adb492,card_21c6be17,addr_dfd9b3ce
acct_bff2059f,dev_eac1cfcc,ip_aa5c9b71,card_93f18ade,addr_7bfd5d12
acct_6e00c329,dev_4823f1e4,ip_6b760912,card_ce038f97,addr_33cc7940
acct_b082e4f1,dev_01196c20,ip_97e70950,card_9f689c57,addr_582f68b3
acct_b5760501,dev_6036c0bf,ip_43728f3a,card_f3453d6f,addr_871accd1
acct_c8049c50,dev_fc319e8a,ip_d640a9d7,card_71be2204,addr_9a30441b
acct_ee84f4c5,dev_a5068375,ip_1e91a9ee,card_4723a4b2,addr_2e5bc53a
acct_f92572f9,dev_b6941a4f,ip_d642c120,card_e1550190,addr_818aff57
acct_a6435d03,dev_5b88e25f,ip_16363339,card_f382fee2,addr_b9d20115
acct_4a3f571d,dev_f2a4f274,ip_56139cb1,card_f5a7a1d0,addr_2b633d00
acct_67121e42,dev_c2f4ab53,ip_e211834b,card_414866f4,addr_62c586a3
acct_1583a7e4,dev_e959f647,ip_c9a09e5a,card_5ad36a04,addr_57b6ec07
acct_4c839354,dev_bbe0158a,ip_53d09d30,card_6a9e9c54,addr_5dc60522
acct_ea588859,dev_e44f38d4,ip_cd3a176e,card_90ffa9ef,addr_c296f16e
acct_51a39f02,dev_a71bf8ef,ip_4b8c0673,card_51298fc6,addr_bb46fa61
acct_c5e40a36,dev_8018dc5d,ip_c3f72113,card_96978d48,addr_f5a995c7
acct_6cdda68b,dev_248dfeb2,ip_ed7e061e,car_2e922ba2,addr_9124d79f
acct_248dcd7a,dev_74d51c93,ip_06c20822,card_fe5da71b,addr_b85adca4
acct_b9204ac1,dev_9bb71ffc,ip_13a2d9fa,card_097e5a91,addr_81d0755b
acct_4ae2b729,dev_0ff213fa,ip_65e50359,card_d5f02881,addr_d10a37db
acct_af4f95de,dev_4bdc5935,ip_1347d8ba,card_582baf62,addr_d2af75f0
acct_b9940fec,dev_364ee097,ip_cb6f2830,card_5e478034,addr_724c017d
acct_a1622446,dev_5b5af0d1,ip_b40f8f96,card_6a43d2b7,addr_56961d1f
acct_460908cf,dev_fcf1db0d,ip_2f827b03,card_4dd60b66,addr_158c4594
acct_227bc4d9,dev_4e9facbe,ip_f273d4c3,card_68c61c2a,addr_4100ec96
acct_63eb73cb,dev_1d11a670,ip_dfe0d1b3,card_e90d50bb,addr_bd8d0a1e
acct_f7a39bed,dev_931d552e,ip_8e9d4410,card_4a9c12be,addr_7980a9ec
acct_d3379238,dev_3d1fcfef,ip_5d1d9a50,card_af338b4c,addr_8e7bc0be
acct_8d0bc0e7,dev_1737ae72,ip_8a193fcb,card_1b9060d6,addr_f61f767f
acct_557f6815,dev_915f04b1,ip_2e717def,card_ddd0eab8,addr_6a894cc9
acct_1e2dc5e6,dev_ffcae850,ip_35c11766,card_57a388df,addr_77563f66
acct_2574e114,dev_e780a5d2,ip_2dbe1afd,card_99edcce1,addr_f53b0ac8
acct_062996bb,dev_80d472f9,ip_f57359d3,card_1a157f32,addr_943c1a65
acct_e1bea155,dev_e6cc4bab,ip_10141196,card_9f290b59,addr_550e8051
acct_3a80a74e,dev_5cc75499,ip_1cce60fc,card_70e8d009,addr_2f4c4e4b
acct_3cdcf4df,dev_f9b17ff9,ip_c765b708,card_e8e75f61,addr_689fd9fe
acct_07b7a601,dev_fc7decec,ip_745d770b,card_3b16a882,addr_3254e351
acct_19021c49,dev_7b0b2a63,ip_553db469,card_cdd0886b,addr_70063877
acct_171b118e,dev_c301835d,ip_69863866,card_a0fb87a8,addr_4cdb03ab
acct_0490bf5c,dev_91bd3bc4,ip_b6e8cfbf,card_ede536b9,addr_439a6269
acct_7150c5aa,dev_3629a424,ip_c1b641fd,card_1a856f6e,addr_e23bb007
acct_a9d182b8,dev_b96b606e,ip_2c8aa425,card_89dd0954,addr_b3e7548a
acct_b46f6cfe,dev_a0a290dd,ip_56cbfe42,card_688500ff,addr_1edaab06
acct_0a9454c6,dev_f74fadd9,ip_bdc69393,card_0d9cc8f3,addr_21ba0fb6
acct_ad4f0b38,dev_5d5e6719,ip_99b06bc9,card_e66da622,addr_c328e7c2
acct_59fca77a,dev_4aaaa603,ip_59395fa9,card_b86fb2ef,addr_992a4b2c
acct_f452473b,dev_fb6529a6,ip_54507057,card_24fc07c0,addr_bc51334b
acct_aabadd4f,dev_3e6c6ba5,ip_d74c2ea2,car_a60a6069,addr_a10ebdc0
acct_1017b4e7,dev_960954bc,ip_488d64bf,card_de1eac51,addr_d7154b65
acct_ad80e73d,dev_7c8d0e96,ip_3ac286ec,card_0aeafa97,addr_3d05ac89
acct_5a96c5ec,dev_a1c7f2c9,ip_8b351ced,card_8e8ba182,addr_273648fc
acct_8ab28cfe,dev_46004938,ip_c0701ba5,card_8dc8b895,addr_1135fd98
acct_c7f3fb51,dev_a9b133af,ip_0f211ee8,card_d10b9bef,addr_45313dd8
acct_ad818035,dev_e8729541,ip_80e3dccc,card_2f709738,addr_7296730f
acct_c1cb5db7,dev_f12e2e1e,ip_4de4bc75,card_1eca6162,addr_450e01cb
acct_16c8b9fd,dev_c80e80d1,ip_6560c9cc,card_bc4c249f,addr_f92d588f
acct_dcac6fc3,dev_adaee050,ip_d4202cca,card_b5e43019,addr_33d8cca0
acct_e52531bc,dev_51f634c9,ip_f560952e,card_48f1b458,addr_4bd27654
acct_eab1bc81,dev_4daa960b,ip_6f10e925,card_c8163c2c,addr_e5bf6fdb
acct_052abf20,dev_353022ce,ip_15d0e9c1,card_0447ed93,addr_1c74f38c
acct_f9ef9593,dev_0ad0607f,ip_939f2e80,card_9ebea90b,addr_8a2ae256
acct_dbb971ae,dev_5ae3a8c8,ip_40dc23c5,card_684b9fbc,addr_cec52d27
acct_e0e9b438,dev_f3313312,ip_f2f5d785,card_0d77b89f,addr_2f170c9c
acct_2794b875,dev_7ca0eeed,ip_25a1d93b,card_7229d2f2,addr_5a237b86
acct_e484cfde,dev_422c6e53,ip_30e8bc33,card_ad2bea3a,addr_d9fbf48a
acct_606eaf94,dev_00591698,ip_0ca889ac,card_fadc1c69,addr_94f4133d
acct_3c043af5,dev_711788f9,ip_6b9f735d,card_99c553f5,addr_64b3474c
acct_b5c8f45e,dev_d2327269,ip_aba8111d,card_03ac9e8f,addr_9ceaee98
acct_4cf3970a,dev_f6868be5,ip_a7d5efca,card_ecedd8c1,addr_2bb03619
acct_b4b13675,dev_39297b55,ip_ea37e271,card_4e50da91,addr_3eeb79fd
acct_5db730ff,dev_1e4b951e,ip_11230b27,card_04df8b68,addr_7e2c66e0
acct_d15323d3,dev_1068c114,ip_029664f4,card_13a36332,addr_77dd48fb
acct_16e1ca6c,dev_b66b1654,ip_2dd805de,card_d67c4eb1,addr_b5db93cf
acct_855d2dd4,dev_a7d2a08d,ip_af4e68ed,card_47b5e52e,addr_9e8f43f7
acct_75346cb3,dev_8b357061,ip_dd8c8dd6,card_d7e1751c,addr_02457fe2
acct_c31aab32,dev_4a673c8d,ip_6a0d40d2,card_e073a703,addr_1d34d2eb
acct_3acf8f48,dev_3f7e2a4f,ip_84aa425a,card_99983606,addr_0434f7b4
acct_7454585c,dev_124aabe5,ip_48fd870f,card_89832d3d,addr_4fe5bd5a
acct_1759b89a,dev_c528684a,ip_c9899a24,card_a924f507,addr_d716cfd2
acct_f940de43,dev_0b5eecd2,ip_f2612536,card_7ea256e9,addr_2a7d91cf
acct_749fa8aa,dev_c324840b,ip_3d25427d,card_361211aa,addr_fe896e16
acct_fb4a241d,dev_d9326ab3,ip_9e77c9e0,card_26789614,addr_5999996f
acct_a3f77da7,dev_1b2f6ac8,ip_b15e4ddd,card_1424d096,addr_81e201e2
acct_474982d5,dev_8406ceb3,ip_4c1184e9,card_c2d26333,addr_1df011c1
acct_e4f3db5b,dev_33555c18,ip_e56c7124,card_a1b99e69,addr_3f677300
acct_f9fd96e0,dev_a8102466,ip_7a6acbda,card_bfb95131,addr_56417933
acct_0be57464,dev_b1994bb4,ip_adb1a87c,card_f7b03f82,addr_9191aa91
acct_896019a7,dev_60bfc21d,ip_65aaadb1,card_dbabe475,addr_f5966cd3
acct_5d92c589,dev_80fd257b,ip_4a3605ac,card_89f43d90,addr_1bfb280b
acct_cc60b0be,dev_484efa7d,ip_7cd52234,card_24640af1,addr_36848a90
acct_2d13fa2e,dev_3b978900,ip_da2c2502,card_6549ad07,addr_996c84e9
acct_2faa2a2c,dev_b633f93b,ip_ddab45cd,card_a3f3a31f,addr_17db4a5b
acct_c6b9fff4,dev_200e25b7,ip_db8476a7,card_96943704,addr_d1416da5
acct_a05dd959,dev_7e580b64,ip_35dd0e35,card_054b6c4e,addr_458b2a39
acct_9461e561,dev_3ac24e18,ip_332e8697,card_cc3a4fbf,addr_d79086bf
acct_f6c8dd42,dev_9dce32ab,ip_606766f1,card_76da519e,addr_5fd0eb36
acct_8ee4352b,dev_e4986b83,ip_f1e0a130,card_fc668df5,addr_b68e062a
acct_a10f0917,dev_68498ea4,ip_846a43ec,card_464084b5,addr_cd823bec
acct_42d64f17,dev_521b20eb,ip_f41a4727,card_3c3f4025,addr_d1495f0f
acct_29d94570,dev_d2268234,ip_2987d47b,card_840ee9a1,addr_447bc2a2
acct_75c6ae05,dev_1324b2d6,ip_d49ee255,card_752d9e86,addr_d474a4c5
acct_ffc224c2,dev_f43b1941,ip_dfde9a9f,card_86b90858,addr_13478448
acct_7d2a3d8a,dev_b074e95a,ip_4b117cfd,card_ad5cd231,addr_b3f4e0f1
acct_7a96c4eb,dev_1173a29d,ip_4cb54324,card_8896d3bd,addr_336e2f01
acct_d036d032,dev_7069e8aa,ip_9ec7ab5f,card_6993cf4a,addr_5b1bcdc2
acct_8df9bec2,dev_8864eb12,ip_63f29899,card_28656ebe,addr_6db5ca6f
acct_465f5c59,dev_361f621e,ip_9003a6a4,card_5d5896ed,addr_da00b31f
acct_2fc443bb,dev_7750d1e9,ip_fdbc3cfa,card_84e58ed6,addr_881fa244
acct_0a9b4283,dev_241e67ca,ip_d72a4b98,card_28ab0e22,addr_18431c37
acct_912980d3,dev_6edab7df,ip_7b71c6d4,card_521a21fe,addr_13766f60
acct_9f6f9515,dev_7e24f7a6,ip_e48c7292,card_129926a7,addr_2db741cf
acct_b7b28e00,dev_caa7c96b,ip_da8e2be2,card_9ee0ea92,addr_ae2fa5f1
acct_97d95337,dev_a7920861,ip_59d7a9b0,card_3ef4ee3e,addr_39041600
acct_377f83ea,dev_984ac493,ip_0dc696a2,card_2a24e914,addr_1a40098f
acct_1bb11eda,dev_21ffaf93,ip_a149000f,card_555eb4f9,addr_c15f233a
acct_32883e52,dev_05ab173d,ip_c57aa554,card_70a61838,addr_0ca9d7cf
acct_d5b1aab0,dev_dfffeb10,ip_a1e8804a,card_fc19f2b2,addr_bdbc74b6
acct_bc21025c,dev_10df869a,ip_c6902e8c,car_2e922ba2,addr_9fe5ced1
acct_44e29969,dev_86a2f8d6,ip_4d6eedcc,card_e55b2f35,addr_9215127c
acct_e964bc64,dev_1f360275,ip_ceb9031d,card_535a8da3,addr_073101eb
acct_b68ccc6e,dev_613ad1a9,ip_2ad13133,card_c425779d,addr_69a83b08
acct_908f0aff,dev_2c452ec7,ip_49466b56,card_1123db04,addr_044db4c7
acct_f76b3638,dev_e73ff741,ip_5c61dfba,card_4cc92348,addr_3d37893e
acct_23860cc1,dev_edbbaf53,ip_9c0617a3,card_930ea7b4,addr_4cde6f87
acct_dcb8c29c,dev_7a3baa8d,ip_c2b633e4,card_dee7d354,addr_780c7355
acct_f42b1667,dev_500b53b9,ip_2a6c2b4a,card_7607fbee,addr_b91ea509
acct_871b1f45,dev_41455e2c,ip_c65beb6b,card_2fa7fe73,addr_365654c7
acct_ccf47ad4,dev_43e7a257,ip_91ef7314,card_b4ba7ec2,addr_aa87e1da
acct_76382ad1,dev_47c9142e,ip_54bb6a71,card_c0ecbafd,addr_1b6e2238
acct_e0d73fc7,dev_e418b8e8,ip_49dbf9e8,card_2cf214d0,addr_0aae52ad
acct_9b69bb98,dev_dd65bbcc,ip_9a7adc7b,card_646d89b7,addr_bdd6250b
acct_6a6d545b,dev_b68d7829,ip_7404ffd1,card_1d7fd3ac,addr_b853eaf4
acct_5c928f65,dev_7683452e,ip_208b8493,card_22e3c680,addr_430f664b
acct_d2dd8d92,dev_c5d84537,ip_1f8f2943,car_a60a6069,addr_49f1d3e9
acct_12f19611,dev_aa0200a8,ip_aa17b697,card_727ddbd9,addr_9d65b164
acct_66cd8e3e,dev_747dadcd,ip_c3f1c77a,card_f454d4d5,addr_c496cb88
acct_5131fec1,dev_d3b4ab39,ip_5c7b3522,card_0eab3ccc,addr_d99d38bb
acct_c292d89f,dev_d9864de1,ip_9b9e6ccd,card_018d7cda,addr_9edfe583
acct_44dc0792,dev_7c79d52c,ip_b8916e65,card_e6ea6a5a,addr_3a59af43
acct_59f84a35,dev_f3975368,ip_dc315993,card_a7cd5c39,addr_cc767eed
acct_458ded52,dev_90d0af28,ip_b26fe428,card_5750c44e,addr_25db5599
acct_80a78db2,dev_5f40e0ce,ip_4fb421f1,card_9856af05,addr_6cc97216
acct_c185b9a5,dev_aae6185c,ip_ea29fba6,card_261a2dee,addr_87ade649
acct_b338901e,dev_1e9aecc8,ip_123d7f21,card_ad500559,addr_c30880cf
acct_14a73755,dev_40eed4ca,ip_f13b9ea5,card_53fc591b,addr_37dbd68b
acct_ada66e73,dev_79674cdf,ip_0118f651,card_5750e61e,addr_cbe9af1c
acct_253e620b,dev_4c3a6f00,ip_b1c9a97d,card_910ea531,addr_2d0b14b5
acct_ee97bd12,dev_73b50481,ip_5e021756,card_e98c473f,addr_b80ba928
acct_3983da72,dev_56cb4454,ip_a94a2b7f,card_22fc2cbd,addr_ae9e6289
acct_5a35d6c1,dev_74b05023,ip_a4532b70,car_c204f017,addr_fe4666d2
acct_b150a646,dev_ac25752b,ip_597db6b0,card_33decc08,addr_5240c839
acct_2089c09c,dev_42fe4ff4,ip_1342bf3f,card_e75d8b06,addr_d7d9093e
acct_03127115,dev_851e1cf5,ip_e2f806a7,card_fc2859c1,addr_2e3fb5ab
acct_647da57f,dev_35a3a1dd,ip_23553902,card_929d92fa,addr_79dc9fda
acct_c3a96fc0,dev_8f9bf8e2,ip_6abdb7b4,card_627dca56,addr_361960c6
acct_16112073,dev_35bab6e2,ip_95370128,card_01972a26,addr_007113d0
acct_6c21e74c,dev_7c5b5b95,ip_296c380e,card_a3ae4aa3,addr_b5b2b746
acct_689f2d49,dev_46959283,ip_50818519,card_da189654,addr_c2173db4
acct_096c597f,dev_ef37d5e1,ip_f9f407fb,card_708e1c8f,addr_e27055da
acct_70db0626,dev_b8bb7f0e,ip_f63ed20f,card_4ca8d3a8,addr_35fda638
acct_08728606,dev_96a5b78d,ip_2b4cc98c,card_ecc483da,addr_413e5911
acct_09603b4e,dev_eb208e6b,ip_44432a45,card_e6dbf3e5,addr_806e4b11
acct_d6ed4880,dev_35684f25,ip_52a50818,card_4cb3016a,addr_49d85f3f
acct_cbbd49c3,dev_afdb2983,ip_449ef12c,card_dcf1cfee,addr_b2a4a7b2
acct_e1cb3abc,dev_76f962c4,ip_1dd5279c,card_35350ca3,addr_b08093d5
acct_5725edab,dev_b3f7400c,ip_2f8de743,card_33212368,addr_8f92e0e5
acct_3958f43c,dev_f0f50660,ip_b5c75a6b,card_b793b92c,addr_817ebb50
acct_3e8ee89b,dev_e08c0424,ip_2ae4c3bd,card_a6871700,addr_c0e731a2
acct_5bcf3254,dev_dbb668cb,ip_e1a546bc,card_54c8edad,addr_3591e95b
acct_ba7ff476,dev_48cfd586,ip_3331199e,card_c6e3fbb5,addr_6f084b48
acct_6d828130,dev_5e03aa7d,ip_acbb97e5,card_704a37cb,addr_407b8c05
acct_ffcf6c3b,dev_99023e7a,ip_68655b7a,card_a386da8b,addr_d8e5d54b
acct_604dbc7f,dev_3be26d20,ip_37044af6,card_1b86b524,addr_7c58e97c
acct_0c0c9d16,dev_657c99fb,ip_8a59a20c,card_9b530b20,addr_6816a9b1
acct_ed5ef859,dev_46d132c6,ip_32caff67,card_7dba0f4c,addr_df5097f0
acct_31ce4254,dev_46ae8996,ip_f8acdaa6,card_3d7f2508,addr_a3b7d5a8
acct_6d10abf8,dev_d6c6d3c0,ip_f54a93bb,card_cd36d4f8,addr_ec6a9b5f
acct_9430580d,dev_471bc77c,ip_e060d1ae,card_f793cac7,addr_081df07c
acct_dcf5308c,dev_00930a50,ip_e14de340,card_a32cd037,addr_774dc9e5
acct_7ff30390,dev_622e97c0,ip_b0641a16,card_738511da,addr_755f5db7
acct_173ceee6,dev_f1bf8ed5,ip_36eb5dd7,card_bb06ac3e,addr_5a237b86
acct_5c376269,dev_b4a4fb94,ip_06d2037c,card_dde5291d,addr_acbd898a
acct_70fa912a,dev_2b5cf4df,ip_0fed10c5,card_f1a7a9b5,addr_3a1a832a
acct_c1e140be,dev_cce8b82c,ip_55470eff,card_99e37969,addr_ed837358
acct_b4e5c0c2,dev_36bbf3c1,ip_c4a345f1,card_0b2eb380,addr_7a9aec89
acct_d8999786,dev_d3843acb,ip_a2ca4fb0,card_568f976a,addr_02bab5aa
acct_faa1b423,dev_c6f344ff,ip_6c2ee1d0,card_883d7919,addr_daeae85c
acct_9a93a6a0,dev_99b12451,ip_25ab219e,card_cb5a2fa7,addr_f6f3a413
acct_230ce49c,dev_db4b2d35,ip_de0bd3f9,card_1361d66b,addr_59488e37
acct_a3956f5b,dev_608ecb8e,ip_a1588e2d,card_e7384601,addr_0d0bb252
acct_892dbae0,dev_13454716,ip_c8301d5b,card_490f1a45,addr_ef2c6d63
acct_15872674,dev_84bd2b30,ip_0ff3ea00,card_11ca7829,addr_6d799ef0
acct_ba87c46c,dev_f7c281b9,ip_4d78036f,card_1cce3b6d,addr_9c9cbb72
acct_a1ed40ba,dev_0452bf48,ip_a4547512,card_85f5ba42,addr_ca463f2b
acct_7e388fbe,dev_8f13380d,ip_96b61b42,card_29c4889e,addr_0a22c20c
acct_e1c9d556,dev_61a12fbf,ip_fe74fe28,card_8daf328e,addr_27793cc2
acct_ed9de589,dev_0e12bee8,ip_753213ee,card_51da924e,addr_07a6f297
acct_e7251529,dev_d42bde78,ip_c065f1a9,card_c6dec98d,addr_4c42d93c
acct_0515f128,dev_d446614f,ip_2133ffda,card_9d2ab8e6,addr_92a0eabb
acct_b5034ed0,dev_d4fab33d,ip_00d04268,card_9aae11f5,addr_e4978b8d
acct_fe87796b,dev_a66d3765,ip_a7367fb7,card_8275dbbd,addr_636fdea4
acct_84361dba,dev_1eb041ae,ip_bf1d382d,card_6c827b20,addr_4ee6c91d
acct_ca64deee,dev_dacac1a8,ip_32dfc138,card_4b565a16,addr_9eb76d24
acct_dd75d6d1,dev_ac95df3f,ip_8f5621a8,card_b9b20da0,addr_62a22f94
acct_b434cd54,dev_29fdb5f8,ip_14eb55e4,card_6c8acd4c,addr_66a91bb7
acct_d2d85feb,dev_87727324,ip_04b58a82,card_a59955fa,addr_9f24a486
acct_b3efafdd,dev_017489b4,ip_431bb746,card_47688a5d,addr_a573e551
acct_f54ff40c,dev_a1aebe96,ip_6c706e90,card_7d4690d1,addr_1eed5d40
acct_633c6e44,dev_d35a6b96,ip_c3677715,card_e67a2ec9,addr_eb2a6830
acct_f55986c6,dev_e02c7f0b,ip_0e831fff,card_b557e5c3,addr_9dfd1a57
acct_23eb501b,dev_32392bbe,ip_5982e47b,card_afb4e1a0,addr_8d97abe9
acct_019045ac,dev_6489b93b,ip_04bcae29,card_cc715055,addr_34cf435c
acct_396f3f50,dev_0767e3cd,ip_5284e459,card_548942e9,addr_1535f40f
acct_fc437216,dev_4cd44513,ip_1462bfb2,card_f22f5319,addr_81ef7d80
acct_2f31beca,dev_f62a5219,ip_834e9dbe,card_c12871f6,addr_aa45b5eb
acct_d584262b,dev_11f448ef,ip_e2772e7c,card_ffb0a782,addr_a2df5c4b
acct_2b7a6f43,dev_2b08536b,ip_e164670b,card_65b36e4e,addr_7321bd62
acct_c62c0c1b,dev_96b40746,ip_926f06ed,card_ed851394,addr_c2b3b1bd
acct_64a9a4eb,dev_985d0df9,ip_760a3341,card_47ba368e,addr_a511c27a
acct_120f661c,dev_c52ea6bc,ip_10486cf4,card_e152f5bb,addr_fe9406f4
acct_e755ffbc,dev_51e305bc,ip_f00b5b08,card_ebf0d04d,addr_08030fb4
acct_44b7da66,dev_6ebcd4d7,ip_2ca7ca91,card_058bf2b1,addr_6dfe388b
acct_c6db3b64,dev_0a358db6,ip_ffd61166,card_10630f80,addr_c79179a2
acct_5429592c,dev_6fa369bb,ip_b29bdc76,card_e758b200,addr_7c20bc13
acct_e6d3249e,dev_20e2d2be,ip_15611134,card_f9f95639,addr_d94f0886
acct_6fd7f638,dev_e08b7a66,ip_00893a0b,card_22d57475,addr_c6a0ae84
acct_e442eed4,dev_0278672a,ip_dd852d72,card_1cefa236,addr_582f68b3
acct_367129fd,dev_dcd449ff,ip_26edc7f7,card_36137c26,addr_c0395b94
acct_7a10b683,dev_007c2610,ip_a7de7cec,card_ac1f28e7,addr_effc1504
acct_58f75d4a,dev_bb0bbc50,ip_1004a8bb,card_c0d4ae7d,addr_fc60aabb
acct_a43d1943,dev_5e3b9a3f,ip_580cf670,card_01a7d073,addr_c3677ad0
acct_6c1e17a1,dev_c3fd5ef3,ip_6ef8bdef,card_62ea3b58,addr_615918de
acct_3cb9a361,dev_699d615b,ip_6e1067f9,card_d409bb31,addr_04706c72
acct_bcb967d8,dev_3e2baad1,ip_7a499ff9,card_0162c1e7,addr_f1ae49f0
acct_4591b3e1,dev_ecee6ec9,ip_4420d29d,card_b68e04e5,addr_e64e834d
acct_b8485930,dev_405a6859,ip_92fb28c7,card_9beb2456,addr_c7e79929
acct_c1700798,dev_dd19f9d3,ip_f7405787,card_fd3898d3,addr_02408177
acct_73a40516,dev_49580f01,ip_03b19cad,card_6b6bc36f,addr_1042904f
acct_75f3e685,dev_bced0adf,ip_e49b699b,card_de6a7987,addr_3cfa398e
acct_72ac6e21,dev_5784c33a,ip_3d62d884,card_3155607e,addr_e7d7486b
acct_6198eac9,dev_df730f00,ip_593fe63a,card_6a3a66cf,addr_2c123f98
acct_f567eba7,dev_a3edab32,ip_b3164d1a,card_7394f82c,addr_bee8dbc4
acct_b538e60f,dev_c4449044,ip_de5fbe72,card_57486190,addr_56fbad8b
acct_f6f89e93,dev_80bc302a,ip_238d5181,card_cf4fe104,addr_0236947f
acct_9679a69e,dev_46938023,ip_421bcf9d,card_acbe9d4b,addr_6480a492
acct_e91267bf,dev_0fd3e07e,ip_a32abf99,card_833e52f8,addr_0c2c0c97
acct_b007cef5,dev_7b5d5500,ip_c7f30f1f,card_75f22cea,addr_7d176fa3
acct_f401350c,dev_acee179e,ip_10016865,card_f8438a20,addr_388a9767
acct_707cb0d8,dev_0f68ae81,ip_4b117cfd,card_f819bd5c,addr_50e3f206
acct_bf9328a0,dev_c85f452a,ip_9b889b2d,card_cfa41bb7,addr_f573d7f1
acct_3b063833,dev_47c07dff,ip_9e836c2c,card_9200a257,addr_485a2687
acct_78a70aae,dev_565602da,ip_b31f6e10,card_5f7ac2b6,addr_ce7a91b6
acct_24112c1e,dev_8bd0c00d,ip_f5fcad74,card_12fb8c1b,addr_9e75927d
acct_17e9013b,dev_61e12d04,ip_2b4d47dd,card_8714763c,addr_b96e89ec
acct_e01206ae,dev_f3ccfd98,ip_4d78036f,card_88b7d409,addr_d243c1db
acct_a549cbf5,dev_dbe25d56,ip_1d697680,card_6f3528d9,addr_70719804
acct_b2e1266c,dev_b8049ed3,ip_65a2b1d5,card_0ee2178f,addr_b0e1366d
acct_68800840,dev_d4ea4e6e,ip_fe616b3f,card_82d5fa83,addr_95ae819f
acct_6d96cacd,dev_ef8303d5,ip_bc5a547b,card_ce730ee9,addr_6b05363f
acct_481de727,dev_1d628cff,ip_897344ae,card_f1daa369,addr_3d551fbf
acct_7b9dc9d2,dev_eee07a0a,ip_7fc9fcca,card_f5aeb9a3,addr_92b4c195
acct_79247e63,dev_735c6b97,ip_f3da891d,card_210b62b1,addr_ee5d7c65
acct_33c49dfd,dev_9e9d8d79,ip_e0266ec7,card_c058d072,addr_15a3f08d
acct_edaca145,dev_810e909f,ip_3d701500,card_a0b6408f,addr_879e5a80
acct_aaa5023c,dev_5a84e278,ip_b96084d5,card_ce090666,addr_65c3b0d0
acct_5beaf127,dev_5707ec83,ip_df9ea569,card_97f47e37,addr_cc0c8832
acct_eb74dcb8,dev_26b66360,ip_50c84daa,card_b82b6cf2,addr_5010b538
acct_87a7b3f1,dev_bc567162,ip_bdcba2ac,card_788c783a,addr_778fcc3c
acct_88d5710f,dev_73564b66,ip_04186b24,car_b0fd0f59,addr_179dadf0
acct_1413fba7,dev_3e5c5b4f,ip_47148b57,card_ee35a14a,addr_043f2bd8
acct_34c4932a,dev_c3ff5994,ip_514deec3,card_6a4dba95,addr_e5882324
acct_9880df52,dev_d98f42e5,ip_df34d50a,card_7c5a1e42,addr_356b1f65
acct_6aab149e,dev_1fa8af5c,ip_64d61eb3,card_1d4cd8b5,addr_34b3b51c
acct_0ada44a4,dev_99a8c6b3,ip_ff33307e,card_4d17479a,addr_d17c5841
acct_35075fba,dev_359911a1,ip_7b2164f9,card_0523e075,addr_ce48a812
acct_b2fc6045,dev_ddf752f2,ip_d3ad8120,card_0208352b,addr_f73dd9f4
acct_faa25c01,dev_c5001ec8,ip_8cb4d14e,card_33550e84,addr_d3363049
acct_4db4737d,dev_294dee16,ip_96fd4c9f,card_434999d8,addr_e16dde5a
acct_84040f6a,dev_01e1594e,ip_00a1e4e5,card_09206afd,addr_aeeebe01
acct_2098df0c,dev_9380ba1e,ip_4534b19e,card_9d82c7de,addr_b7cc87d6
acct_d2617b1d,dev_5ccf83a9,ip_7518b941,card_31240655,addr_128347bc
acct_55b3dcde,dev_439846ca,ip_6bb20959,card_0ba0fa87,addr_c45fa4b5
acct_75b287c1,dev_ef14a1dc,ip_186884b9,car_a60a6069,addr_e54be6e4
acct_6693a6f8,dev_7bbaa811,ip_990de5b5,card_eaa9f238,addr_ad99dcd2
acct_d0e78711,dev_17ca10e7,ip_afa715a1,card_b455fc2f,addr_6dab2445
acct_00673705,dev_a3afa891,ip_52ea96ee,card_5f9b2eae,addr_beec1df3
acct_18c2a32f,dev_3e244bf4,ip_371ec5dd,card_3ac21ab7,addr_50f3eea4
acct_9971885d,dev_4bcb01fa,ip_98cf8e07,card_13ab63b4,addr_26fefe67
acct_353d0847,dev_a96f4e80,ip_833fa311,card_77bb1b38,addr_d3865855
acct_577f9612,dev_4dde5386,ip_7e8f1b77,card_8eae801e,addr_81b37cc5
acct_e4e9b1de,dev_17b84c08,ip_90231c52,card_c3b1cd35,addr_9ba92c70
acct_760bba4c,dev_18eeb7c9,ip_3bb5a0eb,card_c960f722,addr_1400f56c
acct_6cb29f44,dev_f1264b17,ip_841da223,card_5f80d56c,addr_db89991a
acct_d79dc825,dev_42a12157,ip_c9084967,card_ce595cae,addr_80575ccc
acct_d7c66a7c,dev_e9ab12bd,ip_e10ab35d,card_a9d4993f,addr_30a007c3
acct_316f4039,dev_614eefaa,ip_717efcbc,card_1b9ead32,addr_2c998f89
acct_bc5d3f43,dev_d8841f5d,ip_063e8a2a,card_9e2d83c5,addr_417187d7
acct_7892a24c,dev_59b01535,ip_71b14e11,card_d86bb650,addr_022e98bb
acct_96b89908,dev_a99b1d8a,ip_38f6bbce,card_64cc3ea2,addr_5bd2ead4
acct_e2a4f2f0,dev_ddecc65b,ip_2df7aa46,card_a288d669,addr_d5327451
acct_d2439de5,dev_51a8e9ec,ip_dfc1e158,card_7f72c035,addr_51e2661e
acct_ee891c1e,dev_e37bc15b,ip_fc24f3af,card_76ab0bb5,addr_757cf48c
acct_c8092be3,dev_fe7f655a,ip_64ef9686,car_d05177d4,addr_52849cd0
acct_2f17c81b,dev_2d670910,ip_4fbd0b08,card_32ec7a0c,addr_21aef9d5
acct_50036168,dev_806ae468,ip_f41ed76a,card_8022089e,addr_e9700781
acct_fc36d1d6,dev_ffcac724,ip_963dda8e,card_a5ed3a02,addr_fde7b119
acct_5246dae3,dev_1ca5457c,ip_a233e058,card_dc15ef7e,addr_8c56b754
acct_7b624c5f,dev_a1a9a47b,ip_579cf466,card_2d47ff51,addr_55d8042c
acct_8c9ab396,dev_3836a136,ip_7f0080d4,card_8c35efa2,addr_17e6f7e6
acct_ab758a05,dev_bed2dbe7,ip_1a75e184,car_18e9983a,addr_518f5e0e
acct_eed81f8f,dev_722d3f93,ip_94e93946,card_84b9ad5c,addr_6affd227
acct_2a997255,dev_0159f175,ip_b1c59e92,card_0f3c47fc,addr_283900c7
acct_08535f1b,dev_ce628d86,ip_357f9193,card_f6339fad,addr_75cb8a96
acct_7c5a586f,dev_9c05eaf8,ip_f251fcb9,car_a5942218,addr_f7674d5f
acct_9938ba8a,dev_4e49f228,ip_49253370,card_78a599b2,addr_d14827ca
acct_05e0ea20,dev_807b36f3,ip_be6cec59,card_ac9fb444,addr_1c9460cf
acct_bc41a388,dev_28818dc2,ip_e0582d38,card_67c58494,addr_e79ee239
acct_116c905d,dev_aa9c7d83,ip_71653fff,card_ff447fbd,addr_48f26e92
acct_101a1c6d,dev_47f47464,ip_87d37885,card_e0d3527b,addr_cef8983b
acct_6f8aa16a,dev_735ea478,ip_28f894b0,card_5150c0c3,addr_992a4b2c
acct_5e0caf9c,dev_23a12c19,ip_a7de7cec,card_f9768cb7,addr_37ebe4b8
acct_464740e5,dev_b1ac0701,ip_a2071a4e,card_3535e078,addr_55a86655
acct_a25bb276,dev_742e00f0,ip_a3a4a3e6,card_5a344cd0,addr_fdbdc857
acct_72ac7e9e,dev_50cf81ba,ip_12545717,card_19a5285c,addr_a8039458
acct_f6f2a040,dev_df6b15dd,ip_11d62f61,card_973772d9,addr_3f5d6cba
acct_72ec454b,dev_ba2b4a6b,ip_68738d7a,card_5fda7f64,addr_35c950f0
acct_b439312e,dev_b6054c61,ip_c1a018fc,card_ebe18d2c,addr_582f68b3
acct_932247ce,dev_bd999012,ip_5b4a709c,card_78a1043d,addr_3ff7b194
acct_cf3c4057,dev_b7764133,ip_bc7509cd,card_84e8e276,addr_0843a0ef
acct_7f9a48ae,dev_9290f5b5,ip_a7dc0a4d,card_7893f3e2,addr_b25f04c0
acct_1b082e8a,dev_146bd618,ip_db905886,card_f67ec65e,addr_c728d97f
acct_c11cf7ca,dev_2204bb32,ip_349e3d37,card_6387fe13,addr_5c51def6
acct_bfe200d8,dev_d023fda5,ip_75ccfc33,card_e9bb02e5,addr_b74d8310
acct_3443f1e7,dev_2e6e77bd,ip_bcce25c2,card_93d9bb42,addr_992a4b2c
acct_e658d184,dev_12edb87d,ip_e006edc6,card_296e0e5e,addr_69a05c0d
acct_7ad6f878,dev_98f0a661,ip_5370f04b,card_30084b81,addr_8b91f2b9
acct_f535f48d,dev_26773cf9,ip_8ae5ac73,card_3a381e97,addr_5e344507
acct_3fb7652b,dev_dcb9022c,ip_84b3315c,card_278e0662,addr_bdf1a62c
acct_d88984b8,dev_e6db7ee2,ip_bb9202f9,card_0cca1d19,addr_2dd9c2ad
acct_9e324eac,dev_cb261ddc,ip_4819de4b,card_e776e260,addr_5e2678a4
acct_8efb8bf7,dev_bcfea4fe,ip_2aacf346,card_0707f418,addr_e8dde2c4
acct_f012a610,dev_8da2ec33,ip_7453d960,card_083610eb,addr_c5b0e520
acct_0cde7d17,dev_6c9bacb7,ip_30ad03b8,card_f2d58293,addr_accf1ab3
acct_dd7b5793,dev_4afc76fd,ip_7f16edaf,card_d1866c61,addr_7308274b
acct_11501652,dev_421f9374,ip_59191786,card_a6f02d9f,addr_81d0755b
acct_ad69a8be,dev_d9f84902,ip_b71f4515,card_89f1dbc6,addr_14b372e5
acct_f89d01c1,dev_c04b95c1,ip_6794ec45,card_f1b06f33,addr_500863af
acct_cd07b38e,dev_9f7075ba,ip_8c18835f,card_deb38e27,addr_320ebead
acct_f3c6575a,dev_4ebf3699,ip_d4d9dc89,card_847a1c2c,addr_76a9c005
acct_0f28d1a6,dev_4367d4d5,ip_764207e1,card_7aa2f5ce,addr_c1ab00a6
acct_3541462c,dev_aa562459,ip_41460794,card_ba0a5d6f,addr_d629fa9a
acct_35169b66,dev_21b48c72,ip_4e938996,card_474ad660,addr_064c0c07
acct_6e15e5fa,dev_e76e86f2,ip_fc99d45f,card_8f464c09,addr_9ed50563
acct_53d7e5d5,dev_fd43b14f,ip_07a9ab9f,card_a648841a,addr_f457e3b8
acct_29985c56,dev_43d834ad,ip_48e730d7,card_90906a91,addr_b890844b
acct_dba5524d,dev_6100fc8a,ip_d5676032,card_7134c017,addr_ded0d3e3
acct_76cc148f,dev_0aae0e7b,ip_11a4efe0,card_703d8c75,addr_8e3966aa
acct_93137aae,dev_c3195a07,ip_256656c9,card_d5d158d6,addr_975b1678
acct_dc9cd374,dev_fb53e9e2,ip_9fe1a43a,card_357ae894,addr_759bd0e1
acct_671116a6,dev_128368fc,ip_f1e425f8,card_521f64fc,addr_9d81ed5a
acct_f578d454,dev_d4887023,ip_20654d6f,card_a4a7012b,addr_266cf7f0
acct_e9ed040b,dev_e6eddebb,ip_fa4d9599,card_0f04501b,addr_b0344c51
acct_c88c9117,dev_0b6dd282,ip_c7225f0b,card_9d1a329e,addr_ec82b731
acct_f937eed3,dev_e1756fad,ip_5bc22735,car_59dea39a,addr_d4d230fc
acct_bd5245e7,dev_81811551,ip_f5daceb0,card_ee86768c,addr_d4ef1635
acct_fef48d4a,dev_c29908c1,ip_c1c0f575,card_18eda180,addr_de5b8497
acct_8cd67d4a,dev_ad6a8f7a,ip_f1933bf3,card_0f879363,addr_829b4ed7
acct_973e6de1,dev_26ee26f9,ip_107fd5e6,card_4a800ffe,addr_37c8280a
acct_23f682cf,dev_92af3d01,ip_fe2f1dbd,card_e816d418,addr_bd57b9d1
acct_7d72d7a5,dev_ea5b3775,ip_957f3046,card_71022710,addr_1edd4270
acct_30b3be46,dev_6bf7ee6e,ip_b2200f14,card_a728c4fe,addr_4bdfbdd5
acct_cedae253,dev_3fc29cdb,ip_467ccf11,card_fac6fbe1,addr_c7d35793
acct_913ab2b5,dev_7b9f533d,ip_6fbe32e7,card_bd3b25e3,addr_61195db2
acct_66efce31,dev_89808def,ip_f58a97d7,card_86acc8be,addr_ecccfe25
acct_80523810,dev_1fb208c8,ip_163e6ab1,card_63879b82,addr_70880bc8
acct_f8563178,dev_60545c7e,ip_75d567c0,card_9f807398,addr_021c5e30
acct_0ccce6e8,dev_a3d089f7,ip_0b4b1633,card_1dede832,addr_c7e3e4a4
acct_7a285eb6,dev_fe3fa1e5,ip_d636be8d,card_2d3efed6,addr_4033ac0e
acct_f84317fd,dev_5fc922bd,ip_b10aba13,card_18e90fb0,addr_ff87d165
acct_d6a29772,dev_3a37bb31,ip_fc3e2e59,card_30199228,addr_541cada4
acct_75743996,dev_2c5ef179,ip_19eb206c,card_f1a76ad3,addr_558d40d4
acct_bfabbb55,dev_88125e92,ip_2b68c172,card_1fc9f39e,addr_75981ecd
acct_0ffde5cb,dev_1a8583aa,ip_928a6969,card_6bd685b2,addr_176a2575
acct_54e8bf83,dev_b6062d95,ip_71698e6c,card_87829d79,addr_c58124f7
acct_57635eb1,dev_f1259482,ip_8e45db52,card_e4440843,addr_37091cb8
acct_29ec29c0,dev_5c403896,ip_36136176,card_d804ffd7,addr_95e5c8d1
acct_09150075,dev_b2f12d62,ip_24e70e1c,card_867ca78b,addr_db7a5308
acct_ea4f77cd,dev_53359243,ip_e825336f,card_49355c72,addr_7c03b62e
acct_1fbcd811,dev_b4a8f95b,ip_40bbabe8,card_b0056d21,addr_1d275c26
acct_7d3e302e,dev_01ccf7cd,ip_97389958,card_56ba80d0,addr_1c18a0a8
acct_612d98cb,dev_8a608cf9,ip_b0728050,card_d228dd4a,addr_ccfe749a
acct_c3efcc00,dev_3a01148e,ip_ed352d9a,card_d9ecf4ac,addr_2fe2aa10
acct_10c903d9,dev_261c0cf5,ip_f851d137,card_e8c8e9aa,addr_9bb535be
acct_8c2d3bc1,dev_76e9a42f,ip_beafddf8,card_e360867a,addr_d4656586
acct_33436580,dev_863be774,ip_a173ac89,card_6fad04ba,addr_72520681
acct_3fa66e08,dev_d29080ad,ip_04a3bed1,card_8f4921b5,addr_43df7243
acct_3321937c,dev_3aac2ab0,ip_5670e0ed,card_ed06134a,addr_05918a8c
acct_05b7a059,dev_d79face9,ip_39f25e97,card_8e9e092e,addr_2ead8bd0
acct_c3584ea7,dev_212d0b45,ip_ea8f75aa,card_1b3ce391,addr_7fbd1d0a
acct_53085d0a,dev_3bac1003,ip_37172365,card_55dd1f7a,addr_b66a54e4
acct_b3c58026,dev_d659e3d9,ip_936235f6,card_262b7740,addr_9b61dd1c
acct_3cfd51a6,dev_66be120a,ip_2b2eaa36,card_a913e99b,addr_2ab7ed71
acct_c0d253f2,dev_a5894f6a,ip_d35529b7,card_708f7947,addr_a81b12ff
acct_a95b2968,dev_45ff7abd,ip_5825ef82,card_522ae97a,addr_263b7cbe
acct_16e67e2e,dev_2d15c374,ip_924be5fe,card_4db2379a,addr_e25582ad
acct_193b7cb0,dev_6d2ec2bd,ip_efdf2493,card_6185a29a,addr_3c556192
acct_cf94b882,dev_05dda2b4,ip_91139e14,card_53251d76,addr_09ab11e2
acct_6d2f165c,dev_3c72f579,ip_66cab048,card_81d25b00,addr_7e9d38df
acct_99528116,dev_de4147c8,ip_1e461bf5,card_713482fe,addr_c0ccfb07
acct_18a08f9b,dev_4af44def,ip_ef5d5554,card_49c40c6e,addr_7958470f
acct_6b1cea7f,dev_73ddafa6,ip_ef5fc35a,card_5aa6d5c1,addr_064c0c07
acct_b9195792,dev_21374383,ip_50034946,card_2a379b82,addr_0842fb05
acct_5177f725,dev_9c58f628,ip_6a51142f,card_0b3d1dae,addr_d754654e
acct_1bf12ba3,dev_1fd1062e,ip_8b27a48f,card_2c4a172b,addr_eb7514f5
acct_5a5d8f0d,dev_2dcf2f74,ip_903d46f9,card_e4e6af5b,addr_bae92d42
acct_2499d938,dev_09eeb764,ip_517a994a,card_35df0f6c,addr_e27876a2
acct_7422af50,dev_b115f75e,ip_ee2f80ed,card_8f208f9e,addr_d8a07cb0
acct_4fcd022b,dev_398cb6b2,ip_144b3645,card_74637057,addr_a3ccf621
acct_443cf697,dev_2fb3a04f,ip_0731abd0,card_0761a4dc,addr_16e05b61
acct_dddcb394,dev_3e844b46,ip_28d3bc34,card_fca62bf7,addr_a86254bc
acct_89732081,dev_e767ae8e,ip_2931a6db,card_2a5ea8e9,addr_9c400910
acct_a1765155,dev_2311d306,ip_9c0617a3,card_8a2076a2,addr_9685a9b6
acct_7bdadd35,dev_e88c77bc,ip_bfc92606,card_0e67210c,addr_e2f464f9
acct_411bd3fd,dev_91c509f2,ip_9d7d6286,car_727b7c7b,addr_5464825c
acct_9224d4b5,dev_50df6775,ip_832433a3,card_384ec655,addr_6d2e1716
acct_860821d4,dev_6b77f99c,ip_c321ac53,card_db6d5515,addr_07bb5b7d
acct_eb58460f,dev_23f3125c,ip_d4fde4ca,card_e0f9f6ba,addr_ddd61f1e
acct_b0e388c0,dev_641aae08,ip_641d88db,card_5ef3533a,addr_07721260
acct_c1d6b46b,dev_ebfa8e81,ip_fe44cdda,card_1f2471fa,addr_b52ac575
acct_b2bef6e2,dev_cc14c9d6,ip_a9e55eef,card_6d1f7218,addr_e779f7fb
acct_2fef1bf7,dev_28ddccda,ip_eb835b6f,card_36bcf9dd,addr_a573e551
acct_d6b843fe,dev_d586b08f,ip_c23e88a5,card_17a0c0ac,addr_5a237b86
acct_dbc6495a,dev_d5d0b0be,ip_facb1108,card_94e244f1,addr_f8843aa9
acct_0583cb04,dev_e1c4f78b,ip_c1230ddb,card_13bba2c2,addr_66d89955
acct_3ba39344,dev_bc9d94c8,ip_edda9642,card_31316b0a,addr_3a523c72
acct_2be15f37,dev_05a419fe,ip_865ad054,card_c08cbcf5,addr_53de9a2d
acct_bf0dc0cf,dev_502beb0b,ip_28c11bae,card_b2433d37,addr_0d89df52
acct_e573d0ac,dev_02389457,ip_1e94b78a,card_c527afec,addr_c9913f0f
acct_906c2334,dev_184922d7,ip_e31ffe32,card_5e15395a,addr_695e419f
acct_8b65892d,dev_96d43bd8,ip_54f676c2,card_1e492405,addr_0ad50806
acct_d91521c4,dev_1dc404d4,ip_945bc322,card_3c1f356b,addr_9e46a5c6
acct_874f77df,dev_19d5bb57,ip_1ec97381,card_64a096ed,addr_c866941f
acct_b3eb4bcc,dev_ec12a82c,ip_39ba1d6e,card_2f4ddb81,addr_0cec3c2d
acct_a199f0a0,dev_e5342c25,ip_58eedc48,card_4f4bca82,addr_51a65a1a
acct_e90e151f,dev_b9d83400,ip_a5a9535f,card_4e7753d5,addr_9ca57fbe
acct_f5cf2769,dev_678a7a40,ip_ddb1dfd7,card_b6909147,addr_f83ce3eb
acct_b7971ddc,dev_f13c844f,ip_45a2d5bd,card_8ad6815f,addr_d6765539
acct_09f308f5,dev_b003a502,ip_a5eba6cd,card_a949ef67,addr_9cd5b2cf
acct_ee2ec40b,dev_a09e528a,ip_28310bfc,card_8ecdbca2,addr_eab0df14
acct_e1ffb4a1,dev_1bf5e43e,ip_04b84440,card_1c8562d4,addr_bd3dd559
acct_7e50d848,dev_c0b0cb87,ip_19c2d656,card_92f37ecc,addr_e575368f
acct_159a343a,dev_d2a40f6c,ip_5f7b40bf,card_da9d3769,addr_3f6b7bf1
acct_85f433ec,dev_22d37fba,ip_8724e875,card_e20376fc,addr_6d26b66d
acct_51972159,dev_68860769,ip_2dd939f0,card_2254bb96,addr_c242f8cb
acct_d45a0b88,dev_3c62990e,ip_6969f2c5,card_7dda632e,addr_b5cb55ba
acct_53783507,dev_c5851c5e,ip_4b117cfd,card_255b3961,addr_5ba18a2b
acct_c99390d8,dev_107d5194,ip_81c31489,card_d43f9a92,addr_07cbbdbc
acct_7f944448,dev_bd444800,ip_8404fe10,card_1676c9f3,addr_9e9b7d92
acct_a57917d6,dev_bd488c80,ip_1849a0d3,card_b609a94b,addr_69dbe8dd
acct_3c3e5d20,dev_59609e9e,ip_40ba728f,card_043b106c,addr_f61f767f
acct_297e184e,dev_fa42af04,ip_94e828ca,card_1d9643db,addr_7f6ef281
acct_27091cf0,dev_1df62267,ip_f9782828,card_74de5355,addr_ccd422f9
acct_1445f506,dev_1a991f2c,ip_c1480bbc,card_4203174d,addr_7124e687
acct_630c2a98,dev_729f4881,ip_8f02e8ee,card_89fe0c42,addr_464d7199
acct_2391d704,dev_39f9a2ca,ip_b6094cbb,card_236ddabb,addr_0ff3078e
acct_e9d9029b,dev_99b86213,ip_28c1c823,card_6003ffab,addr_3fc7f0ae
acct_0b781399,dev_96b0d526,ip_8ab3f90e,card_6f9580d7,addr_f119fc6b
acct_7c2950b0,dev_75e1e661,ip_f34d6cac,card_297ea38a,addr_d6cdd1aa
acct_207b3381,dev_c1ccdef4,ip_14aa1203,card_d765067e,addr_26a5db15
acct_151a754a,dev_1bab850c,ip_1860cddb,card_8e5e0a13,addr_b5090f0c
acct_eda59220,dev_91c509f2,ip_d68083ef,car_727b7c7b,addr_c3a787c2
acct_e113bcad,dev_d970d419,ip_42dd5bf9,card_451b6e54,addr_85e5cb68
acct_d352b258,dev_2d3b956d,ip_66b4a799,card_f04bc2f8,addr_771c37fb
acct_3769ddde,dev_f1157ac7,ip_d1be2093,car_320f0898,addr_f508294c
acct_057bb63f,dev_8394df94,ip_11498404,card_ffa239ba,addr_59ef8fdc
acct_cc99de5d,dev_3149be79,ip_ca9f3503,card_8519fe73,addr_695672c1
acct_12e78579,dev_57f3666e,ip_ee1bd5b8,card_99ef8a51,addr_8d0c194d
acct_5c5732a5,dev_aeb64bae,ip_e622a56b,card_fec8c637,addr_1ffcff92
acct_68bf6c90,dev_f3c9a9cf,ip_f93e1651,card_842383d7,addr_02457fe2
acct_216cdbb9,dev_6704eee4,ip_00a1e4e5,card_8a408dc9,addr_aa180ff6
acct_8df4af8d,dev_9d8a322f,ip_4335f443,card_a86db8c0,addr_5ac9e76d
acct_9139c1a1,dev_cb6b13fc,ip_1e461bf5,card_6b40d78e,addr_f869fff8
acct_5b7a8ab7,dev_1e971d8a,ip_87b79809,card_1f4c83c7,addr_6975fc6d
acct_0c1ef165,dev_42ab4ff7,ip_49410102,card_10e0ecd6,addr_4e20cad6
acct_3127a139,dev_b9cbefed,ip_442471a0,card_2aa72225,addr_d9b9e2d9
acct_ad8b7915,dev_e910fb99,ip_2ad3b560,card_e9a0daef,addr_d104f126
acct_85410ec5,dev_ff85b3f0,ip_4db58b99,card_e1242998,addr_4f9721ea
acct_24db159b,dev_a4357421,ip_6cd64450,card_b78c6712,addr_d78a2cea
acct_5be9e248,dev_8e331665,ip_c2b129d2,card_8e3cc95e,addr_64f49c7f
acct_a9977cbb,dev_541e8ec2,ip_bc6a9557,card_4b7ff615,addr_ab94642e
acct_c29c8516,dev_b35c3b5e,ip_56139cb1,card_d5b72a41,addr_6828a6ac
acct_21074908,dev_4bf7f9ce,ip_827c6626,card_71432947,addr_86998746
acct_25fff8d1,dev_736b42ac,ip_4749491b,card_3dbd020e,addr_2f6f69e0
acct_632ed4df,dev_3f758b2b,ip_fb4d8042,card_4bf4c281,addr_ad903d63
acct_f47b0ea8,dev_74c71538,ip_2e7dfe3f,card_75ed9dc0,addr_4f1dbaff
acct_08f16cb6,dev_97c5cdab,ip_b48280d9,card_2cf39bc1,addr_bdc755cc
acct_4f2ab739,dev_68874c70,ip_30b1e89b,card_eb647cd9,addr_5914d02d
acct_05484bda,dev_d2e43807,ip_23490665,card_72e1b82a,addr_b016458f
acct_137e2ea5,dev_140a3f61,ip_4b117cfd,card_ea97dbb8,addr_dfd6257d
acct_ab6b41fe,dev_a46d779c,ip_3c2d24e8,card_b36e1b81,addr_7809a475
acct_b731f7c0,dev_96d2c9c5,ip_16d58029,card_26d2feec,addr_215069ad
acct_295d1fe0,dev_d2041f42,ip_3aab92fe,card_4f6e714d,addr_1c637a4c
acct_dfcd7ce4,dev_311836c0,ip_44f8c088,card_cb2ae32b,addr_b1002f97
acct_38a473fa,dev_82daac55,ip_56a56df6,card_70c1faf9,addr_93b235b9
acct_c608f23b,dev_d5ef2760,ip_061199ce,card_f40fa0d4,addr_e40c93b9
acct_34a20316,dev_35a3df4c,ip_811eb56e,card_c324463e,addr_d114eaf7
acct_708ceda0,dev_92ecc72f,ip_dd6587d8,card_0b645280,addr_0d912d28
acct_9844c911,dev_91d05d60,ip_2cc63350,card_b85b8cf8,addr_406a7000
acct_0dba62a5,dev_a8906af2,ip_ac72ebc2,card_ffb5ec7d,addr_348ac944
acct_c64e0f89,dev_67296729,ip_25c81d82,card_067404f6,addr_b295052c
acct_180658a9,dev_13c216b6,ip_c93af615,card_0c767466,addr_34a9d58d
acct_a52d0d98,dev_b866b14b,ip_1a923c99,card_642f85d5,addr_ea8ef2af
acct_947d6323,dev_185f3051,ip_4912c11d,card_e31938d0,addr_3f9b0db0
acct_979e723c,dev_6382b67a,ip_25dc8134,card_938f2ce6,addr_377e7329
acct_b7d4c3d9,dev_01b78777,ip_455186c1,card_a87a9f8f,addr_dc0d8adb
acct_93d3fd57,dev_cd0c93a4,ip_c57aa554,card_ef4ea562,addr_e6433596
acct_930068c6,dev_ca90aa42,ip_32179d53,card_2ea1f302,addr_85d44938
acct_8ddc8f29,dev_167eeb14,ip_00a1e4e5,card_751c9b78,addr_94bc3f86
acct_e864a9d3,dev_838cce57,ip_e7f9ea4e,card_56b2d262,addr_96562c87
acct_feea02e0,dev_780d9136,ip_782c18fb,card_f5887f4b,addr_ececfa0e
acct_7dab2aca,dev_8cf4e7f4,ip_03a1ba7f,card_4c88697c,addr_78fb3687
acct_8fad2b63,dev_1811b8f7,ip_5a1a1a44,card_66332d65,addr_4d278494
acct_5e42a7a9,dev_e01142de,ip_899f1218,card_369c2960,addr_f61f767f
acct_228f5c2f,dev_3ebc0fee,ip_94a88d77,card_e1cbae2b,addr_1b024fc9
acct_0259d341,dev_cf1c4b1c,ip_265c9d80,card_a9cd462f,addr_929c4947
acct_74364bdb,dev_192ec10d,ip_517a994a,card_7ed18133,addr_f00a7488
acct_4dd2f1ca,dev_a8f22887,ip_4a1c5cc2,card_f8ede258,addr_e96c45ea
acct_281d7635,dev_170a26fb,ip_0293347b,card_f0cd8fe9,addr_7acc95be
acct_bfef7ac6,dev_74cf7dec,ip_6b819708,card_fa02ddef,addr_ec895ee9
acct_6066f801,dev_38fd5a09,ip_d5a22183,card_14836d07,addr_d41f23bb
acct_011392cc,dev_6aa54882,ip_90aef93c,card_66c83863,addr_075ed8f6
acct_3f5ba2f8,dev_111ab71f,ip_b211d471,card_977f5d35,addr_c49723a6
acct_3f923562,dev_c7e2e3b6,ip_2bc279a3,card_6884cf39,addr_0d873991
acct_aa0b0f4e,dev_618e2671,ip_ce915c8d,card_d72bf307,addr_e1f2725a
acct_194a9df7,dev_e8edef5f,ip_d2d24486,card_b1206d7f,addr_66d89955
acct_94308c9a,dev_46721054,ip_d21787ee,card_d6e3fc73,addr_4ef0564e
acct_48fbc334,dev_addcf2dc,ip_b09e3c6b,card_8e12c086,addr_57fb459d
acct_0da72f2e,dev_5a7c9392,ip_cc7fd285,card_ac7d1a3b,addr_5fbce3e9
acct_6174d539,dev_05a80f99,ip_35f6b8f2,card_aa921412,addr_54f991a5
acct_13189194,dev_f161a86b,ip_87037522,card_26c51c18,addr_0b4fc267
acct_c15d9398,dev_bfd7e1d9,ip_9121e103,card_ec129ea8,addr_311138c7
acct_138b13d9,dev_34ec964c,ip_0481b209,card_45761421,addr_a4617f49
acct_403b1079,dev_4ea9edf9,ip_81883cb7,card_019d82d2,addr_ab1ed6cd
acct_c98e631a,dev_c2236f9d,ip_17ce450e,card_39f4a998,addr_7ff282ad
acct_fed9cec5,dev_25e9d427,ip_29142748,card_bf525bf9,addr_68090358
acct_4d11f0ea,dev_3fa053c9,ip_aabd1ef6,card_777ee045,addr_a885f7da
acct_e04e929e,dev_5553d767,ip_2466fcd4,card_99c23a4d,addr_4b888609
acct_f51ba050,dev_40c36596,ip_34f1deb4,card_820298a3,addr_9e55f2ac
acct_b2e65249,dev_134a984e,ip_13ba8c65,card_3bba0566,addr_cab3c19a
acct_5a9792fb,dev_a6aa3455,ip_587a1b9a,card_9ef3b6ec,addr_536d41d3
acct_47995e18,dev_4489352d,ip_b999a2f6,card_f3f4acd1,addr_d77e7afe
acct_96eca16e,dev_f1d683b0,ip_b40030f9,card_ed4e764b,addr_55bc01e2
acct_bf7cde61,dev_c0372bda,ip_769066aa,card_98abc427,addr_96ac2940
acct_06390eb8,dev_b43690de,ip_faf37670,card_88931084,addr_edbeb85a
acct_4daa4bf2,dev_5bd5a141,ip_b4627bed,card_1d74ac1f,addr_47d5b10b
acct_b7447893,dev_cbb46cdd,ip_b4b257b1,card_6f6a7cad,addr_13d877a1
acct_6b948c3d,dev_c06268a3,ip_1583a5b2,card_ce896afb,addr_ce671ec5
acct_7487a834,dev_251c9816,ip_699d0c7f,card_4b0aff1b,addr_85e9e78e
acct_8f6afebc,dev_7a5c421b,ip_27ebbcf7,card_9ad2c9bc,addr_f7fda62e
acct_ee8832f3,dev_a6aa0506,ip_fa5fa8e7,card_969706da,addr_dfa67d6a
acct_37bb4474,dev_65a66af9,ip_a149000f,card_2efec99c,addr_30faeb5f
acct_4a7a8e54,dev_ec9919ca,ip_b4627bed,card_ed7e3679,addr_a246c889
acct_7c285d9c,dev_3d6134b4,ip_d09b4d9e,card_2896b74c,addr_898b20a8
acct_bf0fc277,dev_fb8f9499,ip_4b117cfd,card_a84a422b,addr_2f8b6e28
acct_e4e57295,dev_270f9bb7,ip_2b269cd9,card_27db60ae,addr_d0ffdc9a
acct_a2ab8b08,dev_7c7dcc31,ip_a2d95dba,card_874b15ec,addr_9390c90a
acct_9393933b,dev_7be4de3c,ip_1ba2c26c,card_7389495e,addr_a8a6657c
acct_ebe1576d,dev_923d847f,ip_aae7535e,card_a61e5d5d,addr_ea8ef2af
acct_b3174e8a,dev_208f30f1,ip_091d5009,card_273070fe,addr_1edd4270
acct_3b1ddc64,dev_ad6aa843,ip_e4ec0397,card_f292fbfd,addr_1767ff8e
acct_b835e6a2,dev_dac02eb7,ip_235f564e,card_e5af4b37,addr_8db92862
acct_65164dee,dev_24d239e6,ip_5fe74d50,card_ad4c3b7d,addr_0a1925f5
acct_ea197d61,dev_443c2983,ip_b9e9fe99,card_0c9177eb,addr_d634a075
acct_321492ee,dev_698c42bf,ip_b71c1efe,card_9645b492,addr_9c677fbf
acct_e85e4c83,dev_4b127d33,ip_e93f63f9,card_bf60da6e,addr_5dd21984
acct_2ce5c3e2,dev_e03547dd,ip_2e6029ca,card_30a748d6,addr_7dd83040
acct_02f7470f,dev_f495d0d1,ip_cef09f56,card_d478a14f,addr_48f26e92
acct_2f268e25,dev_cda386c3,ip_4cd3beb5,card_e8f21573,addr_b110b197
acct_97dfb9a5,dev_7b7f44e8,ip_a01453bd,card_c55283d5,addr_c8e8136f
acct_04567173,dev_303f02b4,ip_7d8e4959,card_99a38d2e,addr_d3f7cea5
acct_371ea953,dev_b3f6a278,ip_682e05d7,card_cd3cc6fb,addr_4c42d93c
acct_c0dc8890,dev_de3da89a,ip_301088b9,card_a22fdc11,addr_96ca7dab
acct_1d9cfa84,dev_afd374af,ip_780a42de,card_d7639016,addr_73b30e32
acct_dc0ace4a,dev_207829da,ip_b50f251d,card_f632409c,addr_c94fe1b4
acct_4a4d98b4,dev_7a2f6e22,ip_a536deae,card_35108697,addr_3f806081
acct_9fcc882e,dev_526b85d3,ip_a2a31522,card_cfad0891,addr_4ef858ec
acct_c0defdf5,dev_b2ab8ef5,ip_2c427b86,card_147a434d,addr_56052461
acct_6c5d4571,dev_4f34b0cc,ip_5bb116a9,card_e309cd0f,addr_8790b1de
acct_8d87533c,dev_f43d18f6,ip_ee7f64b4,card_de4d0373,addr_bf5cd212
acct_bdf5ef41,dev_ccbd9826,ip_10b7e684,card_597a2ccf,addr_9cc9fb03
acct_08389ef9,dev_263fa0f2,ip_83df40bb,card_9f4d3fba,addr_af64ffcc
acct_f4a50678,dev_bf601192,ip_e9743cc2,card_040a2908,addr_d6d3fa86
acct_cfa44d90,dev_7b777f3d,ip_042ea228,card_b3cd7fb9,addr_5a526b1d
acct_c51b6526,dev_8055e5a5,ip_c907d684,card_c49a1e32,addr_d3022023
acct_779f1c9c,dev_d44e4024,ip_27d1592b,card_cb43459b,addr_04417c77
acct_ecf662da,dev_be2ae362,ip_a66c7000,card_446b853a,addr_2a0dd64f
acct_7bb704ec,dev_389b4723,ip_5ac7b330,card_7305e027,addr_ddc6cf51
acct_999d9184,dev_79c98b21,ip_7f16e95a,card_03be624c,addr_2ca419c2
acct_8e989353,dev_eb1caa2a,ip_a0008c28,card_2a838751,addr_d3bfc3fe
acct_16d788fc,dev_b1aea40b,ip_733df4ea,card_ceb23dde,addr_2b7f8982
acct_526fea43,dev_810825d4,ip_f42123cb,card_eb75467d,addr_5b571f8e
acct_50bbac4d,dev_047c0837,ip_ed110521,card_455266a8,addr_6bf7ca86
acct_7f59f12f,dev_40fbe1c1,ip_b40f8f96,card_2ab63bcf,addr_517fb81a
acct_f0e3e6ba,dev_9ef65084,ip_7f53605e,card_b4cea18e,addr_fcc998c3
acct_22df3357,dev_701c6fa1,ip_1b5598fe,card_22a98929,addr_69867f40
acct_b7af86ee,dev_e2df505d,ip_9f99a6e9,card_231a9433,addr_89945e74
acct_b573ff64,dev_2330f64a,ip_4371695d,card_3d23e934,addr_14e2b6b3
acct_2bc216a8,dev_8e2c5393,ip_890ef12d,card_0061de00,addr_49eb1724
acct_c50fc41f,dev_300a805a,ip_47061328,card_6b500d10,addr_e62dc246
acct_811e66ff,dev_6d0a7b90,ip_5214a5e6,card_b220e6cd,addr_c9939856
acct_8df367bc,dev_fa2d8775,ip_376bb5d0,card_dc46b9c8,addr_88baa8e5
acct_601a823b,dev_26773cf9,ip_c23ba2ea,card_b86b8f37,addr_bf61aa72
acct_58b4cd70,dev_7a80a50f,ip_d4202cca,card_e252e4bd,addr_6246eea4
acct_746aa92a,dev_45c5c2d9,ip_56226ad3,car_b0fd0f59,addr_f74c4342
acct_8c808eb7,dev_6e4c8c94,ip_e38ab193,card_8cc2500b,addr_dcef173e
acct_7bedc3bc,dev_2c6fee80,ip_9f722128,card_430fc804,addr_9a087d0e
acct_31029c60,dev_8fc2028d,ip_dec3b9e1,card_a76ebb24,addr_f6dcfab4
acct_c5343e5b,dev_f2e63176,ip_c72a2429,card_495a31a0,addr_3c72f289
acct_af072b76,dev_8cec63f1,ip_5eec198c,card_3d300ef4,addr_de3f2e3b
acct_a5131cf7,dev_6e519be5,ip_5fb63aad,card_98296c70,addr_34cab997
acct_29e83731,dev_c0aa6699,ip_91707db1,card_e2b0a71c,addr_f733de28
acct_e9caa60f,dev_0cbc9615,ip_5e5cf1b4,card_b591594b,addr_c44806df
acct_2489e8cd,dev_c8f40b39,ip_2181109c,card_68695dcf,addr_64f52b31
acct_5e6e6818,dev_f5d0676b,ip_2f96fdc3,card_9943c23b,addr_0f2a33a9
acct_e285f4ce,dev_72f828d7,ip_64887c90,card_cb0946ee,addr_a573e551
acct_8b4966ae,dev_9793243a,ip_d53f6783,card_d2622db9,addr_7210fdd1
acct_a9cfe4fe,dev_baa748ab,ip_de6533a3,card_1b014c31,addr_fe2f71a3
acct_ebb28067,dev_1a17d81e,ip_b990e4c0,card_17860dde,addr_871241f9
acct_f08f8c25,dev_a0fdb857,ip_ce26ec46,card_185bcaad,addr_26720ae2
acct_7b5376ac,dev_bfd7bb1a,ip_947ef5af,card_7287660a,addr_98b0202d
acct_baf4f640,dev_e5789985,ip_ce5e1f75,card_7e7e499c,addr_c6c055cc
acct_7f4dbc3c,dev_af640960,ip_2dc1caa9,card_66b3cb8c,addr_7948eec5
acct_aca5a087,dev_79798404,ip_44f8c088,card_33860a21,addr_b73bb1d4
acct_70689418,dev_dee592a2,ip_b1a68a96,card_5805a5b3,addr_178c19ab
acct_08034bc9,dev_12780027,ip_a6ccccec,card_da0630cb,addr_e69044b3
acct_03845fe3,dev_61509014,ip_3966241e,card_cf7ae55c,addr_f58d5808
acct_d6cc8a51,dev_daae9de8,ip_e92a851c,card_646b84f0,addr_086586cd
acct_32368989,dev_37116bb9,ip_a7bb84bd,card_368a8223,addr_b7eb2439
acct_aa46c8f7,dev_bf5c8ab7,ip_2508aa65,card_7e03d22f,addr_e7adc62f
acct_c575e5bc,dev_d21d1d52,ip_4de5cb77,card_cf146629,addr_8e9c1f18
acct_9020c246,dev_ef1763c0,ip_c6e84502,card_67e2f71a,addr_9adef280
acct_4ab7bc26,dev_03c9cc54,ip_4a8e6aa0,car_c204f017,addr_7ea36f19
acct_7743a14e,dev_753a1c90,ip_e276ff09,card_7afe1cc0,addr_f0e3b359
acct_18a86877,dev_55f6ce83,ip_41e6ef3f,card_b547237f,addr_37e0d6a0
acct_8de03e31,dev_d29525d2,ip_701a0e85,card_dc0f43fc,addr_c45066a9
acct_e898cb20,dev_0d4c17b0,ip_86827768,card_642740b5,addr_9c23ee26
acct_28e3dbe5,dev_249d7da7,ip_1e9e8849,card_8a29c1f7,addr_521b18b1
acct_cb2b57f8,dev_eaaa43c6,ip_eee151b7,card_7be29730,addr_0d8a320a
acct_ba3f14ef,dev_3a746686,ip_a3baafbb,card_19491d41,addr_a03bd1a4
acct_9f331971,dev_bc9f4fc6,ip_c327e842,card_a2fcf915,addr_ee492bb5
acct_d46dc8f5,dev_16622da9,ip_6377270b,card_7a13a21d,addr_68809174
acct_46a3589d,dev_6693a8a7,ip_76fcc804,card_9bc6672c,addr_f9dcca85
acct_0527b28b,dev_d4887023,ip_23acdefb,card_2aaed253,addr_0e1b8df9
acct_47481b34,dev_111041c4,ip_2e4c2dda,card_945c64b6,addr_8dbd3b13
acct_9e71e9ac,dev_f8e96f6b,ip_e1d5e26c,card_546bd0a6,addr_c763a300
acct_6165b0ed,dev_7e7334be,ip_33dcce4e,card_0f0bfd70,addr_15a3f08d
acct_f6be02eb,dev_a96edfd2,ip_7066ebcb,card_09eda6d3,addr_6449712e
acct_dbb2de63,dev_636bc2cd,ip_957faf99,card_d1e689e2,addr_b0085eca
acct_a5330558,dev_10db6605,ip_dd3243b5,card_10f275f6,addr_8acb7155
acct_b14cc828,dev_0fa23765,ip_d5de6271,card_a920eab5,addr_cea3006b
acct_7bb1877e,dev_d05fc5dd,ip_a4d0134a,card_c573603d,addr_a618f91e
acct_194569b9,dev_2b900ed9,ip_b95c77a1,card_8271eaf0,addr_e69cab00
acct_51d250ab,dev_44db4db8,ip_1d12aa78,card_4e9bada2,addr_444c5458
acct_0628df32,dev_b5fc5890,ip_5f19c848,card_8d9ec225,addr_5ee533c8
acct_59a6001b,dev_bac875b7,ip_df7576d5,card_3d64e041,addr_a8f033d5
acct_c9686821,dev_f061e2b4,ip_f048ab78,card_a1f1847a,addr_c4b1de09
acct_1356dc46,dev_b2ddfad6,ip_50b48553,card_b80a8ae4,addr_e43a5a00
acct_a167172f,dev_dd55a315,ip_7d4e50aa,card_3ac3ddc5,addr_ca6dd0c1
acct_b5ce2628,dev_faa47b80,ip_cfdc739c,card_e12b1ad8,addr_9e781d86
acct_72f9ac88,dev_ac76cdec,ip_766afe47,card_e9501bf6,addr_36475b95
acct_19d6523d,dev_9b332b1c,ip_e3e11c31,card_c10e225e,addr_9380ab6a
acct_acd01d19,dev_4b4855b6,ip_41cede67,card_2554c345,addr_85d44938
acct_ad22c963,dev_de216e7f,ip_920d45ae,card_b7858419,addr_61b92ca4
acct_ba42ba05,dev_1afd27c5,ip_d14dc33d,card_6fe6f602,addr_acd8fad6
acct_7d6cda98,dev_5e795e96,ip_9bcdcf7f,card_087a568d,addr_56c20e2a
acct_0d014a09,dev_00cfd09b,ip_8cba29a4,card_08c363d5,addr_a86463eb
acct_fbf3feb9,dev_13edbd4a,ip_7135e835,card_b32824fe,addr_b01a5971
acct_b2d50745,dev_8b4852d0,ip_0a1a28b3,card_d9d6d41f,addr_c4779d95
acct_c81da4a3,dev_bdb19616,ip_41cc03a9,card_c5a87bbc,addr_d77a17c0
acct_44fe74e0,dev_34fb7769,ip_9e721d18,card_3ae64f4c,addr_8e4027da
acct_d8c5b84f,dev_a2bcf640,ip_f84c5ccd,card_b3c32dc1,addr_d15c1243
acct_5bb5a484,dev_ee88a637,ip_0625e421,card_4af3299d,addr_744428e8
acct_c972dbd9,dev_0a85e460,ip_4e689e23,card_b443a987,addr_1e6f847f
acct_b923d738,dev_dbb668cb,ip_6dcfef9e,car_6f154a86,addr_c5c180a8
acct_edcd4fbf,dev_d21a33f6,ip_ae27115c,card_c704975d,addr_43f6e26f
acct_2ae47df0,dev_b7c6fac3,ip_e148d6f9,card_33d8612d,addr_19ade475
acct_4d89be85,dev_d88af28c,ip_baf6da1c,card_82124916,addr_301dfa14
acct_ca1eea22,dev_7727c402,ip_22dbc402,card_46ed2281,addr_7bd966f2
acct_a2311c08,dev_be42bced,ip_5a97a0ec,card_e1b20c7b,addr_19b34cbe
acct_2eecd7a6,dev_127d0bc2,ip_4450c834,card_439ad7a6,addr_91097ec8
acct_a4cff4d2,dev_4c709914,ip_7bb46e9a,card_63d80a9e,addr_3045ccbc
acct_63a6e1e2,dev_e33b1cf8,ip_f13f6a66,card_6688b0ef,addr_cd3694b8
acct_508e40f4,dev_86af7b41,ip_b6aec548,card_4cdcd037,addr_25e1cb31
acct_4dcbb90d,dev_237ca74e,ip_04315750,card_c37ecbe2,addr_48483ecd
acct_64cc0059,dev_2892d49c,ip_2994af65,card_8f0d3ec9,addr_97dcb715
acct_64ba2e75,dev_737d33b1,ip_b6e9dca1,card_14344a78,addr_2f4dc07e
acct_bfff46b8,dev_98d6dda3,ip_26485dae,card_697eec9e,addr_7070b8da
acct_284dc16f,dev_1330bb23,ip_587c8ff7,card_e5b09865,addr_971a896a
acct_9ec3b06a,dev_e6de068d,ip_c78eeb7f,card_b73d2ddc,addr_54e792ab
acct_7ae04b80,dev_78c51051,ip_5cd1a2bd,car_6f154a86,addr_a0288e8d
acct_f68bd4d3,dev_88a10083,ip_a28bf278,car_b0fd0f59,addr_a551fbac
acct_0030e82c,dev_e4a90fb9,ip_f785a9b6,card_6f372fa7,addr_1edd4270
acct_d9b09c06,dev_4176947a,ip_ffd54ef2,card_7fc7cd8a,addr_7ff4d63a
acct_690e4ccc,dev_48e1d563,ip_9a8c6af4,card_11d82b3f,addr_b685d91f
acct_8f235592,dev_4dddbf9e,ip_413da220,card_2c438d5b,addr_e7485a83
acct_5af45e66,dev_6750c47f,ip_5e1726dc,card_70699ff7,addr_82c8aaec
acct_7255f807,dev_07974e81,ip_48e23cf5,card_dec1505e,addr_d0172b4a
acct_b4b11b60,dev_5eb3b233,ip_3008dc0a,card_e6486b55,addr_c315b065
acct_4bb3d80d,dev_d0945fb4,ip_80eb1578,card_07b9d07b,addr_15270830
acct_b20c6b52,dev_d4562a9c,ip_92f86303,card_0e72e0f8,addr_d53348f4
acct_12cc820c,dev_0695836b,ip_1486fa68,card_0f683984,addr_d1340278
acct_13c3224e,dev_5283e57a,ip_ad41d084,card_413fafbb,addr_d2ac7d0e
acct_b3c6485c,dev_3e06216f,ip_3cea62fb,card_e84688cc,addr_063aafb2
acct_7980dc90,dev_7abf3757,ip_736ffaac,card_fc172b57,addr_74c659ed
acct_e0e43c49,dev_2af1fa46,ip_ca12bf30,card_04bed3dd,addr_aa0e3b8d
acct_a814d991,dev_26c9e8a5,ip_d6f874db,card_52d6c93a,addr_3ff5783d
acct_2e3cbed3,dev_2d652c09,ip_69a2467d,card_3e32a0f3,addr_7a7ba436
acct_1f870ea0,dev_d84358ea,ip_9e4dc18e,card_9aa90387,addr_2a6c16eb
acct_ba8760a3,dev_782126ec,ip_9c0617a3,card_b0161fe3,addr_ccc376c2
acct_3f117f96,dev_9292aa98,ip_499801cb,card_bc843764,addr_28309752
acct_58048e88,dev_416c9717,ip_8cb4d14e,card_f02d893a,addr_276d28de
acct_962cc97e,dev_f74fadd9,ip_dff0a4cc,card_7e52bd49,addr_56bac9ab
acct_bb9433f0,dev_1470d120,ip_014b1b84,card_af9f4620,addr_836564bd
acct_32bc1754,dev_dd545f64,ip_7214242e,card_71eacd6b,addr_0f401e14
acct_aa76ec83,dev_aafef5c9,ip_28d7648f,card_6f247196,addr_c1416708
acct_412528f9,dev_b929e48c,ip_8062d620,card_f9d5c613,addr_095c4b3a
acct_8563e270,dev_a445698a,ip_a86952de,card_cadd45ad,addr_6601912c
acct_2afb5670,dev_43fa9976,ip_5b118709,card_053c5cc4,addr_3cc5ede9
acct_223fb2a5,dev_462282d7,ip_67ecec5c,card_b54427de,addr_d2b72b70
acct_58c8edfe,dev_a180d30f,ip_f39c8d22,card_a196c323,addr_4483618a
acct_c9abbb53,dev_29a122cd,ip_91fd2427,card_0e0b609d,addr_81463b93
acct_95b8e5ed,dev_2ada8fa1,ip_eaa3b0b4,card_88e59102,addr_e7bfad20
acct_1b324063,dev_49aee8c8,ip_8cf13d34,card_41de6c4f,addr_6b0fe5cc
acct_d06442fc,dev_7456e601,ip_1b2a6ede,card_e3589b5a,addr_789a63cb
acct_216b516c,dev_aae740eb,ip_7927d5f7,card_34dbe55a,addr_bc384d16
acct_0a4fbc6c,dev_3d9b70fd,ip_eac0007c,card_d0d04f44,addr_977bf14e
acct_78ff9b5a,dev_95f2f918,ip_c924266b,card_9f223235,addr_267971de
acct_e390022d,dev_d4984ebf,ip_9dd81be7,card_557f4eac,addr_ee59af0f
acct_a307ad14,dev_26773cf9,ip_4d39ee3a,card_c6141be6,addr_565146cf
acct_5c634306,dev_eb702e5d,ip_7fcd8597,card_7af525eb,addr_f7e33e09
acct_b1b5bdd3,dev_2832e122,ip_ccc2b1fd,card_6aee4024,addr_5d71e6c1
acct_e81764d6,dev_e476d025,ip_6d4acb09,card_a560e590,addr_61f34992
acct_1624e752,dev_0c6fb1d8,ip_f59aa18d,card_c8c3d0d2,addr_0a9e34cc
acct_3c0d135e,dev_5d6cc585,ip_69682656,card_f2152709,addr_d2d6c1a9
acct_bcedaa6a,dev_999e588c,ip_bae48645,card_ae0be869,addr_f66dd90d
acct_a0c62078,dev_10d19942,ip_c584f3fb,card_4bd589b7,addr_852cf1a4
acct_bd30a762,dev_0d9ab44d,ip_a02f5ff0,card_7472930b,addr_a25a6f34
acct_10495713,dev_7e571887,ip_ab6c55d5,card_00e31fc2,addr_06cec304
acct_ea50db43,dev_c23a6771,ip_a6a932d6,card_94804fff,addr_23497a72
acct_7555fb91,dev_46a32380,ip_542957cf,card_42d5e45f,addr_89e5f217
acct_d4df6d35,dev_cee21d65,ip_db38396a,card_8e6e2299,addr_2f78a4b1
acct_59804915,dev_c1feef7e,ip_f5ea0747,card_b89bcc76,addr_ed0ba9c1
acct_99515853,dev_14a8d96c,ip_52a80faf,card_f5c17725,addr_90fa55f8
acct_fe643865,dev_5b5340d4,ip_96330931,card_7fcaf817,addr_96562c87
acct_265d665a,dev_c58d2715,ip_b58e3581,card_647abda2,addr_ccee0c4e
acct_13413f44,dev_aeed8e06,ip_95023275,card_bcc63a16,addr_8c98b6bd
acct_e77d1fdc,dev_8013e3fd,ip_a5df1ed2,card_ee891939,addr_05e7e8b7
acct_99c8f690,dev_afbea181,ip_39991297,card_3abe67d3,addr_5a237b86
acct_fa64b54e,dev_5fa5b838,ip_368a514f,card_902da9e6,addr_ee3278a4
acct_a0cf9aea,dev_aad16572,ip_4658d240,card_c4f0d7fd,addr_8e9c1f18
acct_3d4cd810,dev_a5fdd5f3,ip_7317a3c8,card_de608530,addr_86ee9776
acct_4d0d72bc,dev_e094d7eb,ip_dbd16cbe,card_a360e9e1,addr_d576c57a
acct_a5630efe,dev_0a42613f,ip_7ed44cb5,card_97a0e271,addr_e6ef1c9c
acct_bfc08b0e,dev_71504cc2,ip_3a2c5a98,card_bc13a077,addr_206744bf
acct_82f42af9,dev_e851e27e,ip_9e89de8b,card_57650958,addr_23fa736d
acct_e0aa5155,dev_9bc26407,ip_fefbc9ff,card_1eacd684,addr_332fe071
acct_433dd3a3,dev_bedaf91f,ip_64578417,card_c06988d8,addr_ab6ef5f0
acct_bf30276b,dev_4758f267,ip_d64f59ff,card_f6ebf192,addr_1f80f3a5
acct_0d8019cc,dev_4479327d,ip_611fe3ff,card_23642121,addr_5e84e414
acct_c84c9d6c,dev_d177361d,ip_ceea19ac,card_f9bc3ab1,addr_dde3672b
acct_1d9ecc09,dev_e9288660,ip_c636f0f7,card_a614979b,addr_f189c96f
acct_ca1a7657,dev_bb971ba4,ip_30e53fcb,card_21e0ba92,addr_cd932a78
acct_0b497046,dev_66abc8e8,ip_e8ec8095,card_1520f6ba,addr_ad09e0ac
acct_d8c1a7fe,dev_aa3e50ab,ip_975cd979,card_addefd7f,addr_e69044b3
acct_63cb7520,dev_cbae1732,ip_200f4b0a,card_bdcb9f5c,addr_62922480
acct_7003c090,dev_fecd02dc,ip_5151cf56,card_0f263714,addr_32fafefe
acct_9a68bbb7,dev_ed247fed,ip_f158a94d,card_b573fee1,addr_0b68287b
acct_6f3e159d,dev_67191d3a,ip_ff1853ce,card_46329311,addr_48b12c25
acct_aedfe494,dev_d332bc1e,ip_3cf7b35b,card_a4eb484c,addr_fcc1d55f
acct_578ddf44,dev_d3cb5903,ip_1691182f,card_a394f562,addr_5359a934
acct_9aee3a1a,dev_b09fcba2,ip_209e278f,card_661af656,addr_90c49cd4
acct_d15e94da,dev_79ba376a,ip_eb513e37,card_6e1abb6e,addr_f28ac1e8
acct_3150f256,dev_0ef5340b,ip_c06cf711,card_75e33a25,addr_1f19dde4
acct_a2d1d501,dev_7d8989e7,ip_aa737f08,card_941c6cf4,addr_cb219c92
acct_0b6cb2c1,dev_a31554ab,ip_5a46f321,card_53c6e945,addr_c09b3cde
acct_8e7c6870,dev_f803fa76,ip_fb566a1f,card_709791a4,addr_a38ede90
acct_830fef06,dev_e2719f22,ip_72c36b77,card_71318369,addr_4fa5af9d
acct_e612dcc9,dev_af20b515,ip_3331199e,card_fbdb2338,addr_078ecce0
acct_30227d05,dev_3b4505e8,ip_2c3edaad,card_ccd70573,addr_ec16e61f
acct_0f833248,dev_cf3c2b45,ip_35933437,card_f18d8020,addr_2596d19d
acct_8346f433,dev_a287fe74,ip_b077fe77,card_a1bad6fe,addr_85247b47
acct_0b74c3d6,dev_90c3ab8c,ip_f22e4145,card_1893dcc4,addr_32f2c54e
acct_31cb7020,dev_8ef98bc7,ip_1ee19951,card_49e1dcbf,addr_72dcb988
acct_286ed21a,dev_0b94a05c,ip_0d603646,card_9bb880cd,addr_262c0f23
acct_6315958d,dev_97f64aca,ip_2472bc5f,card_1bc1e749,addr_757453be
acct_d7f94876,dev_bc6fe552,ip_3d92c55e,card_16e689e8,addr_2b8db0f5
acct_e2d249c6,dev_4c073359,ip_e8303a96,card_b0cbe034,addr_597d9796
acct_7ae9ed52,dev_248dfeb2,ip_2fbbc833,car_2e922ba2,addr_7064b864
acct_82270b4e,dev_c5aa7981,ip_d7f3b6e0,card_dff19cd4,addr_611510bd
acct_1c99e988,dev_d98f5bca,ip_20e303a5,card_d4ff6d91,addr_a08ca0f5
acct_b6c4807d,dev_0bbc01bf,ip_fd96c711,card_b9aa0f5e,addr_71b178ad
acct_ef9c22fa,dev_6163246b,ip_a68bbbad,card_86e095cb,addr_3f69055a
acct_5601a817,dev_2b45d0ca,ip_ad9b4824,card_b1b3483f,addr_d5cb69d1
acct_a50f3438,dev_8fde3f1b,ip_7962692e,card_48c26867,addr_49918523
acct_e8cde2c6,dev_64694030,ip_3e795727,card_1abb4d00,addr_257d4302
acct_ea9a8c1a,dev_c3cfaa42,ip_15a2fcf1,card_bbd5e933,addr_5e8fdba0
acct_b3030ce9,dev_e088d94c,ip_48e4000b,card_2c5de453,addr_ff79a0d6
acct_c0fe2bcf,dev_923b4e98,ip_bf79e0a4,card_bcefe2b3,addr_faf55243
acct_29a1fdcd,dev_ea40c331,ip_3f6adbad,card_b8088e9b,addr_66d89955
acct_2d83b859,dev_82cd6e6e,ip_d6715a85,card_a5842cd8,addr_9a20cac6
acct_536d4303,dev_d9c56b01,ip_7f47bf4f,card_27f61490,addr_6cbba1b3
acct_28e4d586,dev_9637f1a7,ip_cba84b99,card_ce315244,addr_f24ba111
acct_e317ff00,dev_35b686d8,ip_c700c289,card_bee0bb13,addr_2e4ed378
acct_8392eeaf,dev_0142b44b,ip_151500ce,card_ea6f481c,addr_5716130b
acct_d0984d76,dev_2c9dea3f,ip_c8914bc1,card_d1f0fffc,addr_1482d227
acct_1c9ba8bf,dev_b70ad139,ip_d0a9ecce,card_b512617d,addr_5c6213d5
acct_8c38d236,dev_b54cdfbd,ip_553db469,card_82206487,addr_130f3b7a
acct_59a5303f,dev_ca9c47e1,ip_1f71151d,card_dc425a0b,addr_867a2a15
acct_489900fe,dev_40e36f86,ip_18d9703a,card_fae9648c,addr_d4bd8bf2
acct_879d2329,dev_3c9d7692,ip_c0b62339,card_92fbfd22,addr_1674c050
acct_e759e43e,dev_59df1638,ip_05710f79,card_ba839849,addr_05ec876e
acct_43b132fa,dev_015aa5fc,ip_e4eb75b1,card_84ec0f07,addr_0da33382
acct_ce2f50f4,dev_76849741,ip_07b27f17,card_975af7bb,addr_b5f27b29
acct_ed2b133a,dev_38888480,ip_15dbbe90,card_9fc05762,addr_2aab2a8f
acct_9b083953,dev_a380a71e,ip_6fcf7477,card_28545527,addr_4eed1bbd
acct_496688ee,dev_166465b1,ip_f9cc396d,card_f9e4a496,addr_416afdeb
acct_d56bb49f,dev_4f7c450b,ip_f71e50c7,card_24b8a93b,addr_83db72ca
acct_c5fce725,dev_7c58a718,ip_d4e05a28,card_19a230d7,addr_9aed40ec
acct_a5c0ac26,dev_a354c0ee,ip_d90dc3fb,card_7df97b2d,addr_32643a18
acct_5aa0ca0b,dev_8e210129,ip_5533efdb,card_9c8ac919,addr_587a550c
acct_91f04aa7,dev_0abdad59,ip_41791af7,card_19024e0f,addr_b9f31f5f
acct_b11b8fb2,dev_7375c87e,ip_553db469,card_ffab7931,addr_b50d28ba
acct_50bf1554,dev_d8d787d1,ip_fb3cc684,card_82df6126,addr_9b6198d8
acct_28aba6d3,dev_2776f696,ip_32febd17,card_1598cc2f,addr_2d9fe460
acct_12928472,dev_10d9152c,ip_b248e794,card_2d79f69c,addr_40849cfd
acct_8fe104af,dev_54e30bc5,ip_32c2de8c,card_e50fc09d,addr_1a6eecb5
acct_fa1d8101,dev_9b2af9ac,ip_1e461bf5,card_5902b317,addr_20fc120e
acct_caf16525,dev_64c6fba6,ip_25e98599,card_ec7b2748,addr_4e8e463f
acct_29f99c32,dev_a87a1f0b,ip_4b440662,card_1d20ac27,addr_51362310
acct_03c7ec1a,dev_acc016a1,ip_67a2ce13,card_a8591ec4,addr_02c0101d
acct_fccf1b4e,dev_dbc4be39,ip_62b902ba,card_97c797b3,addr_21a5bec7
acct_a5d1c974,dev_8a672137,ip_0e1c3763,card_9979f496,addr_e0520d40
acct_12f8f3ab,dev_fa83a667,ip_db38396a,card_91ac65b5,addr_d675e2f2
acct_34c89b1e,dev_7c807671,ip_652c8182,card_5b4f7bea,addr_a695c3e9
acct_56c4c707,dev_fda60326,ip_c134f73b,card_66e922ea,addr_7ff282ad
acct_7521ec29,dev_31487f05,ip_c4d93096,card_3d39b67e,addr_0c640f64
acct_c4738dea,dev_23357c76,ip_3b6e7c1d,card_58b2f0d3,addr_929ad69c
acct_308d161c,dev_f0c877d2,ip_266e19c7,card_10447649,addr_ef8adc6b
acct_8ba9716f,dev_0e302a1f,ip_2fe469d2,card_6b7d720b,addr_8348fd9e
acct_d1924bc8,dev_1c1d3cd1,ip_71e26bc5,card_f72a2007,addr_a08ca0f5
acct_558a5ae4,dev_e2a324f4,ip_3636fa53,card_9577b2b4,addr_bec6b0c8
acct_202abc23,dev_df9fa1e7,ip_845aad1b,card_c7069326,addr_657372a4
acct_b3c4c920,dev_c1470268,ip_c62cb4bb,card_7ba21813,addr_3c89164c
acct_f997ac97,dev_f697e591,ip_befc6e95,card_cdfb7ad1,addr_bc73a60c
acct_6900643a,dev_c0df2d10,ip_0908dbba,card_b1787382,addr_272fa89b
acct_cae7cbe2,dev_cd71f30f,ip_dd3243b5,card_6d878561,addr_9598e938
acct_b7d7c377,dev_8ee6f5e3,ip_08c386d8,card_0f92e234,addr_cd9f4310
acct_ec6a4eca,dev_e441d37c,ip_46986dca,card_ad44cab9,addr_a0ec1f34
acct_cd67f1e6,dev_6e584116,ip_07a92dc4,card_e54d9ab7,addr_a3587eba
acct_70fd26cc,dev_b0aa5430,ip_0c51fad5,card_e4f8c367,addr_23469b98
acct_4d016caf,dev_f49e60b4,ip_1e5af997,card_367f762a,addr_0658f327
acct_2e50684d,dev_c6941e0f,ip_ed5a6fdb,card_dc2b7e3e,addr_d278a3e0
acct_109853b4,dev_46dabf41,ip_272dc4e7,card_875e0fc1,addr_4330a7c7
acct_031b0f7f,dev_164280c8,ip_4df53157,card_73dddce6,addr_b958afd4
acct_16b21fcb,dev_6d5a62ca,ip_5dda29a8,card_6326b426,addr_986f2770
acct_30bc74a5,dev_e9ca4dc3,ip_f73209da,card_3971ed3b,addr_738380b7
acct_42392615,dev_72577f27,ip_8e6de778,card_7b91e95c,addr_ce43f22f
acct_538128d5,dev_70ba391c,ip_09ce4fd1,card_435e7c23,addr_e0982131
acct_1d6c7b23,dev_21420fe9,ip_838cf483,card_e9a19564,addr_9859ea86
acct_d9526ee1,dev_93d37f91,ip_43af49e1,card_8d64a6ec,addr_80f89610
acct_c3efe855,dev_cf20bff0,ip_34c94de5,card_caef0a9c,addr_ad0f41f6
acct_b1dab161,dev_0f8ff29c,ip_042076b7,card_86b7d19d,addr_22886088
acct_bcaa23e9,dev_67ef2b1d,ip_b684c1d2,card_c7b45b71,addr_4d323a05
acct_02aa587b,dev_5c981f98,ip_fdb78cda,card_35cd283b,addr_7ec4ddf5
acct_2175485a,dev_de16d937,ip_9c0617a3,card_4e3eda0f,addr_c1753cdc
acct_81503aa4,dev_70bf5539,ip_652ca1c2,card_380a712a,addr_d622c963
acct_264435c0,dev_5f5a088e,ip_564e2534,card_d5aae103,addr_f2f7dce3
acct_f2cde02b,dev_9344be43,ip_8d2c145f,card_f50d4149,addr_33aaf66f
acct_667764aa,dev_dfd24784,ip_7971c1cb,card_884034ac,addr_d018e03f
acct_213cdd83,dev_4a44be37,ip_fd984c76,card_03d9e3a2,addr_e708c8bb
acct_628f482d,dev_7f0e05bc,ip_7bc7b426,card_49b5ee50,addr_65f8f156
acct_044f2c39,dev_664cb894,ip_19eb206c,card_1a35efe4,addr_fb904388
acct_2cc0484d,dev_f1c6a967,ip_8e5ab87d,card_31ce69cf,addr_bf26022d
acct_d958cf81,dev_3740074b,ip_1648fcb9,card_3e845b8d,addr_b102c507
acct_b6d1413b,dev_90dc2fd0,ip_e730ffc7,card_7d2a1bf6,addr_437ff79e
acct_43a40428,dev_0d12e3d7,ip_28c11bae,card_c39c0dd1,addr_17f29f9e
acct_898af983,dev_4774683a,ip_bc976a8d,card_bdec41e0,addr_4a53ac96
acct_f5dc28e9,dev_bfb6ea10,ip_dead86fe,card_1982fbfe,addr_72b5c09e
acct_796b1ee3,dev_6b8f02fd,ip_b0641a16,card_c5b7de86,addr_58c09440
acct_14f5c30a,dev_af03dd2b,ip_1190ee44,card_2388a5c1,addr_2aab2a8f
acct_266a88a8,dev_4a2d4648,ip_736f4f1e,card_ef823344,addr_6480694f
acct_0142a766,dev_64f22783,ip_cf2fb453,card_33db2494,addr_ef7f2fff
acct_0f4cf5c3,dev_989e8b57,ip_b1c9a97d,card_1b67bbda,addr_c0fa6bd4
acct_8a01eb8b,dev_b34df1b5,ip_0ed8110f,card_2f5e93f8,addr_55c21165
acct_520b310b,dev_8a14386a,ip_376f8b06,card_13e8285d,addr_20f49fc6
acct_3f03aad2,dev_f2d6056f,ip_5be54e87,card_894e4ac9,addr_c2dcfbad
acct_86101ced,dev_65f227d1,ip_7ba476c2,card_6923ef2d,addr_9480b2bc
acct_2ba0ea0d,dev_98c6a468,ip_59df3001,card_b51942be,addr_3c695cac
acct_c863e95b,dev_3e407293,ip_bbb83a46,card_dc7f1e03,addr_04950070
acct_8f188926,dev_a2c909f3,ip_97d679c4,card_a4249664,addr_adc0b109
acct_b2678c69,dev_4293ffb6,ip_0a5f030d,card_13eec93e,addr_b78a00af
acct_cd05e9ae,dev_8e7e5422,ip_ba376323,car_320f0898,addr_3e618b7d
acct_184f037f,dev_5f704939,ip_5f42f4f8,card_6d2d2b93,addr_b252c416
acct_8889e846,dev_711fd190,ip_b498f8ed,card_3209fd8a,addr_fe401433
acct_480cefa0,dev_c729d5d2,ip_7a2bd00a,card_58ec879f,addr_fe762a02
acct_a6ce515c,dev_8cbbb856,ip_5ece62a8,card_bce3d386,addr_e5cc9b03
acct_34d3d71a,dev_ab202893,ip_d96d7e15,card_9957c6d2,addr_d37a0ddc
acct_b8199afa,dev_767dd7e6,ip_3fba2246,card_e78b26c2,addr_0046fbb3
acct_b81cf9bf,dev_f5c032d2,ip_19eb206c,card_aae7e150,addr_3bfbec73
acct_9a62cc76,dev_f62700f1,ip_7f79a727,card_ed7e0b49,addr_992a4b2c
acct_d608f2aa,dev_f5bb1490,ip_2f9f2e74,card_ad7c3f7e,addr_17b50e5f
acct_018e1799,dev_a7f95591,ip_7ab850f3,card_4291c455,addr_f3e5f295
acct_3ccf9998,dev_08b85c31,ip_4fb776bc,card_eed68e80,addr_589c66bd
acct_085b3a59,dev_7482adda,ip_a75b5a3f,card_9f36e306,addr_15a3f08d
acct_2837ba6d,dev_9007457e,ip_4ee51ad1,card_040d280f,addr_dd65e6df
acct_b7eacdee,dev_dbb668cb,ip_73b29da1,car_6f154a86,addr_844a8899
acct_73f6b9a5,dev_b97e53be,ip_40a68d5f,card_fc25dfd7,addr_c61b8076
acct_38b57724,dev_ad7dc851,ip_7205bbaa,card_71b9bd3d,addr_02d8aa17
acct_d67a1848,dev_9bb5b38c,ip_6280ef6e,card_bb1e8b32,addr_44cb8527
acct_62983994,dev_6442c958,ip_7e187964,card_39d9bf26,addr_c549c289
acct_e50785b0,dev_000a9d8e,ip_dd3243b5,card_c74b54df,addr_28907892
acct_28cfff12,dev_71335870,ip_433ff9f9,card_0a028abf,addr_5d1d544d
acct_18b42431,dev_e9b8ab80,ip_81ac31e3,card_b697910f,addr_e7fcf914
acct_4274e50f,dev_f1c10bbb,ip_2e22a339,card_42143232,addr_4312d90a
acct_5b65ec58,dev_44027f19,ip_7a81fa53,card_4eaaf6fa,addr_d384dd7a
acct_7ed4243b,dev_dc3a871a,ip_393e9701,card_684598ef,addr_165040bb
acct_228faff2,dev_1ceb0c6b,ip_e99b78c8,card_fa241915,addr_c7032b59
acct_bb0f1244,dev_c57b1e58,ip_b2ebb413,card_7d850d35,addr_800b7bf2
acct_9e0afdad,dev_b1d5187a,ip_16d5a08f,card_c9a694f4,addr_07eb96d8
acct_3d4263c6,dev_593d523a,ip_01915517,card_7e1a36e2,addr_c22fe51e
acct_27383fac,dev_1f05a126,ip_29ffed07,card_a27c1b60,addr_2fe1be00
acct_1b5a3c74,dev_406cb7a8,ip_709fcc39,card_b7526c31,addr_7272e540
acct_4be453bd,dev_65b5f575,ip_409e9e84,card_5aca267e,addr_98a3c754
acct_a47bb5a6,dev_79bc79ab,ip_b684b583,card_5a4f8b85,addr_ac477404
acct_109a150d,dev_8852be3c,ip_44cb8a87,card_324ad110,addr_55957a5c
acct_9fa2c378,dev_62f6cfc1,ip_ae9a03bb,card_c74e1083,addr_2088b675
acct_aae19a49,dev_37429b8b,ip_466b43fc,card_28d7f098,addr_c691a549
acct_a308c411,dev_4c8a5e0c,ip_bd3b3e35,card_403c6668,addr_e58465ae
acct_965205bc,dev_26773cf9,ip_29743025,card_357526ae,addr_30d8c79b
acct_b028ffe0,dev_8f7d8f01,ip_760b006c,card_62d80eb4,addr_6f7d8163
acct_17fb31e9,dev_2cc6d85f,ip_5386a1d5,card_57b37e95,addr_a5a7d526
acct_ad409202,dev_535703c0,ip_5eb53522,card_c6238b6c,addr_bf90c911
acct_bf5e6fa0,dev_e7c052e3,ip_0e73827c,card_bee0b325,addr_715b5bb2
acct_7cf5d04a,dev_850ebaa6,ip_fa902b6c,card_7bb96b1c,addr_0f3c2142
acct_44c93e54,dev_afecbf0d,ip_170c7fb6,card_9ba6fa0a,addr_32474107
acct_35712f4c,dev_44d42c84,ip_3b1545c5,card_7e1be30b,addr_2d21403e
acct_6db4e602,dev_3de74586,ip_819087ff,card_4644f891,addr_75d82a39
acct_e7a410be,dev_fc3b7a2b,ip_b0f9e0fa,card_f9a85703,addr_4f9946db
acct_f679adc5,dev_f8f102ca,ip_c537d7ac,card_f388a98a,addr_a43c7573
acct_8ac551c8,dev_5fed6bef,ip_8c044327,card_8974205e,addr_bb2e30d8
acct_4326c858,dev_4b6c02d0,ip_b3a7cd77,car_320f0898,addr_0e74d3f5
acct_9aaaebd1,dev_b6114ca1,ip_09b498a9,card_12cbd5f6,addr_d6206edf
acct_0f6f60f6,dev_5d7b1c6a,ip_72aa96fd,card_16a9ed25,addr_2272e818
acct_62e146cd,dev_9fc81a2e,ip_741c0b8f,card_5892c06f,addr_0d43b90b
acct_0ba74f5f,dev_aff15fb7,ip_c30c0364,card_a3dec413,addr_bd3e18b9
acct_47725130,dev_bc82a9c3,ip_944f3a1b,card_d21e552f,addr_bc723979
acct_8a7956b1,dev_bdb02920,ip_82da82ba,card_d27c06a5,addr_7fa92f31
acct_3d719076,dev_b66a708d,ip_51fd1774,card_1465b1df,addr_b81b6943
acct_c7077325,dev_d67f2489,ip_552885d3,card_3680aea7,addr_e67f2ede
acct_a1f07879,dev_43b22f18,ip_f22e4145,card_0eab61e9,addr_5b1132ed
acct_799541b5,dev_1d066ef5,ip_ec5b4a0a,card_2bc9b647,addr_36848a90
acct_da497204,dev_b8d9cd8b,ip_02b10785,card_d9147999,addr_dbcb9357
acct_0ef81df9,dev_6b123b08,ip_97bdde29,card_f3be75b0,addr_a3f5d32a
acct_79255aec,dev_3b706a63,ip_d17f4b97,card_2b53433a,addr_ceeb1712
acct_c0deffa8,dev_2b9b0b4c,ip_6850e891,card_90cb33ef,addr_d79a8c28
acct_6c2a7fe6,dev_61684575,ip_a87286d3,card_58d02f8f,addr_56fc39da
acct_c56053a1,dev_81a9c814,ip_26da9c18,card_b887702f,addr_33dd75d5
acct_dd7688df,dev_a6ebe0eb,ip_29379705,card_41d480d1,addr_f9fb0053
acct_39cd6bfe,dev_2c552c27,ip_2857ecc3,card_395f3e61,addr_79ef7241
acct_a71eb867,dev_13e8c58d,ip_503046f9,card_7cdb3c54,addr_335fca68
acct_04315826,dev_6e584116,ip_5958c9b3,card_dc567cb8,addr_61564f42
acct_937cd5c4,dev_49fe9e01,ip_edbbbc31,card_d7d2e186,addr_35b1a006
acct_dfc942fa,dev_bbdf4730,ip_5289cd11,card_3b11221c,addr_dc9a85ae
acct_30ce80d3,dev_3c12042d,ip_0a99edb8,card_fd5be123,addr_f2f7dce3
acct_7357e4e5,dev_aa9ea2e4,ip_1505282e,card_06a8927a,addr_91da5f12
acct_0a36ce4f,dev_5c479f60,ip_954ad34f,card_1dd3e333,addr_72eb9be3
acct_14b35aac,dev_0d82bf42,ip_b40f8f96,card_5bee4818,addr_2efe5c80
acct_71a89f35,dev_8e4e917e,ip_f1d180f5,card_0445ee79,addr_2617723f
acct_e6e81e1c,dev_e94c6930,ip_ed6c4792,card_8ac81369,addr_fb7be76c
acct_1397ebc1,dev_26773cf9,ip_e4488de0,card_8ecc661a,addr_00dc1832
acct_26039951,dev_0a5b15d2,ip_b08ac4c3,card_a41c1f52,addr_9b56261e
acct_0181e9a0,dev_9b0303c4,ip_cbc79b1a,card_7153072e,addr_5141b161
acct_b1af713a,dev_3098e6e8,ip_f4e1b7c9,card_b990e279,addr_223d1226
acct_d56e8ee1,dev_4ae1539b,ip_8cd6706a,card_8bba8fa4,addr_46de4f2e
acct_bc2b3b58,dev_22e9cf73,ip_dac671e9,card_e3e0a412,addr_0a0f22fc
acct_8b4a6f64,dev_931aac92,ip_4034bdda,card_078c592a,addr_de852098
acct_50690aa8,dev_9d5e31ca,ip_6166c909,card_dd233218,addr_864580a2
acct_ad2ec580,dev_dea32234,ip_0bbe7167,card_93a86da1,addr_64ed9465
acct_93d5e3af,dev_1902f780,ip_dfa892e0,card_c338cd6e,addr_0ff2dd39
acct_3818ee36,dev_223ea3d5,ip_649194f9,card_0ddd0152,addr_7997b0f1
acct_7c6e3a7b,dev_02731442,ip_94e93946,card_c49f25b3,addr_bb147e72
acct_3336235a,dev_15647621,ip_b2c882d0,card_56137007,addr_507e84f5
acct_c31b08be,dev_18ca53e3,ip_8ebfb9eb,card_6dd1a017,addr_3cd5b1b9
acct_1e6d089e,dev_2484a36e,ip_e29adab0,card_de148d90,addr_ab26d827
acct_ce5226c4,dev_d86d2d83,ip_2b711ee8,card_52864a67,addr_dbf7ca66
acct_732b9a8f,dev_276b1d45,ip_2c8a0d93,card_159fdfd3,addr_690349ff
acct_e0f539df,dev_3312d871,ip_9abc79ee,card_44375324,addr_9c5a061b
acct_e9d0baef,dev_e7b27dfe,ip_3732222d,card_95bc1206,addr_21d604ff
acct_426b0a4b,dev_4001fb4d,ip_54c56708,card_7447b4ac,addr_5d515f24
acct_5803fb23,dev_77d91cff,ip_f488c302,car_b0fd0f59,addr_02807f57
acct_7f3abe55,dev_051db166,ip_6aad3904,card_8286c5e0,addr_5a237b86
acct_2f676980,dev_ceaeb788,ip_e01b79ac,card_16595b4f,addr_a7c789b9
acct_aae49d68,dev_021dff66,ip_cd7945eb,card_db6301ca,addr_5f679170
acct_fa43b2c4,dev_8d0a1c63,ip_33493ddd,card_ab598b16,addr_8b7d75ae
acct_9c9d9da3,dev_dc87083d,ip_4069a968,card_77bfee7f,addr_78afc736
acct_658de2fe,dev_10facc7a,ip_76583adf,card_a7439523,addr_9be7560f
acct_6a687a58,dev_6c68770b,ip_a3db9a4d,card_a276019d,addr_06b8dc2d
acct_4da800ee,dev_7ff19690,ip_51a0d7ef,card_b8d19753,addr_fe6fca2d
acct_58c23342,dev_832259e8,ip_6d247bb9,card_0aaf76c8,addr_60f71ab0
acct_d73b60ff,dev_c5782397,ip_f1f2b392,card_7cca8f3d,addr_5dd632cf
acct_618d96b4,dev_175f2759,ip_747dd697,card_1c549f75,addr_4b0a09e7
acct_cb3e3d2c,dev_4dcc7451,ip_c18ad197,card_7fcd2508,addr_beb89dcc
acct_5f48cc94,dev_84ee3ebb,ip_3a7f41fe,card_ba6834f6,addr_cab794bc
acct_910ab6de,dev_f296ff36,ip_9080f571,card_bbbe812b,addr_73b40e8f
acct_ba77f8df,dev_68a88258,ip_132324ea,card_b36c242f,addr_755839bd
acct_56eb8d37,dev_c9382bab,ip_ff6fb5c6,card_5c1035ef,addr_795bc76b
acct_2ab947b9,dev_d31ad1ff,ip_0120810b,card_68eb3587,addr_37f10ed2
acct_5fea345c,dev_87283ed9,ip_6fcd78e2,card_50f16ecd,addr_dc9395e7
acct_fe22aa7e,dev_7438f13d,ip_1de004e0,card_7d29789d,addr_2a56b01f
acct_9b9e9556,dev_82a53648,ip_8402e3f0,card_fb577695,addr_1d1811f2
acct_63a364dc,dev_562e6ec3,ip_790e5452,card_9120805f,addr_be1e2eb4
acct_9f1221c6,dev_59436b69,ip_39e985e5,card_dbcf7b9a,addr_54b64657
acct_08fdcc91,dev_7859ebb8,ip_acab5dda,card_10544320,addr_2e7c1993
acct_fc80bf12,dev_5d37ccff,ip_192071d5,card_65671f41,addr_1f80f3a5
acct_37005f05,dev_f668488b,ip_7b65689f,card_e15c8472,addr_b24fbb29
acct_a7ce1e31,dev_e0df8bc0,ip_df92338d,card_1a2a18a2,addr_49784a45
acct_17a5db17,dev_95d57879,ip_641d88db,card_74c115be,addr_3e978614
acct_34d2cce6,dev_68f79a86,ip_34d7fb70,card_c00fa33d,addr_6ce02345
acct_d534c396,dev_f108f806,ip_4a9aab54,card_54752921,addr_78e21b4f
acct_d15a9152,dev_6fd0c588,ip_c356abfc,card_2c6b4976,addr_b629e0f4
acct_dcffee35,dev_650c8f28,ip_9b949e05,card_294cbac3,addr_5399f05e
acct_2267459d,dev_e8a246d7,ip_3266db8a,card_f3889170,addr_da3a15a0
acct_4f027aab,dev_7366f496,ip_4837951e,card_bc9e7fb4,addr_408c8fbc
acct_536624b1,dev_1d85d083,ip_9bc08081,card_82c45ce5,addr_c6f94746
acct_2ec26a95,dev_aabc3a15,ip_6126c91e,card_32ae211d,addr_6a89fbe3
acct_1020e8f4,dev_f1c5a16f,ip_e0a21d4a,card_0f0c95b5,addr_9286c886
acct_cf6d28d6,dev_4d9a23e3,ip_2ca7ca91,card_52cca3e8,addr_fdc959f9
acct_fe7e5879,dev_fb2453b2,ip_23e8fde3,card_6444d7e8,addr_cb885dc9
acct_539e005d,dev_88f18d8e,ip_6f6ba51b,card_2a879bb3,addr_7f6ef281
acct_0eecbbd3,dev_96c1a4c2,ip_e2e293ca,card_abbc4ae9,addr_3fdc20a9
acct_f1564777,dev_fff625b9,ip_845163dc,card_245b731a,addr_7951a1ee
acct_3058f609,dev_59bf45d4,ip_748411a7,card_99ce33a4,addr_eda86876
acct_9ed236c6,dev_07170517,ip_806b4d66,card_01a0364f,addr_ace62f75
acct_248f0bce,dev_0585efe9,ip_f13620c6,card_230d713b,addr_6d799ef0
acct_7864b51a,dev_47c7edf9,ip_c5dc84b2,card_c73a8e0e,addr_d3818fe2
acct_583696dc,dev_24c06aef,ip_c77919b6,card_3d2bbaa3,addr_3eb77b15
acct_97febae8,dev_6677cc77,ip_20a74655,card_6f1fed17,addr_b2c277bc
acct_97385c3b,dev_f7e1ccfc,ip_45153020,card_34ddb6b4,addr_b0e4fc33
acct_fd35e8dd,dev_8bd0ced6,ip_ceaa158a,card_be6ba47c,addr_582f68b3
acct_5bec37ee,dev_9e299e3f,ip_76be8775,card_50508704,addr_9509eafb
acct_8c908918,dev_9549170c,ip_5a476173,card_c24c741d,addr_12b58428
acct_c1f969e5,dev_c001e948,ip_e589fd1c,card_70062fb7,addr_4f450ab5
acct_6bc39510,dev_577e1508,ip_be9f4000,card_686d8e37,addr_fca68efe
acct_b110b3e6,dev_32d5483a,ip_4f4e4f38,card_d14097b1,addr_dd648c90
acct_92ab7ad6,dev_99c7ffa9,ip_b92a9084,card_9ce2113d,addr_ffd7ef86
acct_e72450a7,dev_3a692db1,ip_8b90be41,card_c93dffa3,addr_7380508e
acct_afe3b555,dev_cce4918c,ip_517a994a,card_f2c2f15b,addr_da30fac1
acct_51cca89f,dev_88e797ad,ip_e7096125,card_ccd9b003,addr_db0965db
acct_1171dc76,dev_26773cf9,ip_28db358c,card_2dcea277,addr_5af63aa2
acct_522e8b54,dev_003991a7,ip_a06ccbf8,card_834cfa56,addr_4af79a7b
acct_d95137ba,dev_431d08f3,ip_96c002ef,card_8cbd8c80,addr_16b3e5d9
acct_83908ad9,dev_261bfd72,ip_b5532b62,card_744292bd,addr_0e618833
acct_83946ba8,dev_9813af47,ip_98e4316c,card_117f5bec,addr_5d2eea2f
acct_3fbeb7b2,dev_a60733c0,ip_b909047e,card_64c89693,addr_f89605a1
acct_a66c5223,dev_434c9c52,ip_d77b55f9,card_304ab437,addr_7ada5d8a
acct_8d5495df,dev_993e72cc,ip_0c289cd2,card_6b28a630,addr_45a1025d
acct_03a7409e,dev_2843fd15,ip_dad613f7,card_cb188dc8,addr_e1c8439e
acct_6cd3d010,dev_16f1c675,ip_903c3eeb,card_3c95e46d,addr_48ad96b6
acct_9cb3d36c,dev_866d8815,ip_f9ceece8,card_fc9b6762,addr_e8d65dcd
acct_cebba35b,dev_efd95fbe,ip_3fc8b407,card_cfdd5080,addr_eaf3cfc9
acct_fe89f121,dev_883aa489,ip_6ea89a17,card_a9a888ce,addr_0dbaf3e5
acct_16376a3e,dev_d7c80962,ip_0df83e9f,card_850b1733,addr_3276ebab
acct_9918ce27,dev_789754db,ip_73d4a85c,card_a9d0ec4d,addr_b231837d
acct_e72d33fe,dev_f88f7be2,ip_5badc139,card_ef50a060,addr_23320482
acct_21378447,dev_0faaee67,ip_4f15289a,card_1f13a51c,addr_2aab2a8f
acct_f2b5e861,dev_24d239e6,ip_c4b6d4ab,card_901a7632,addr_9121be30
acct_b0961ad4,dev_b6dd6e27,ip_80f5c8e2,card_5d1bf364,addr_903a09bf
acct_ed19d73b,dev_9d7a547b,ip_d9c278e8,card_59e7c8a4,addr_aa58f070
acct_d16f727d,dev_ea99fba6,ip_fd5fef52,card_98fa2c88,addr_d4050c04
acct_125daecd,dev_2449ddd8,ip_0664a9c1,card_71622ae3,addr_01375b9d
acct_d435559b,dev_25be08c8,ip_7200bbe3,card_3ae20636,addr_57911aa5
acct_202d1263,dev_46450a35,ip_3331199e,card_02c99c66,addr_76b94f5b
acct_282343c7,dev_b3f7400c,ip_6a181119,card_ec8ae7eb,addr_3ab7f639
acct_c9b0b148,dev_def3cdbe,ip_ec732867,card_e789926c,addr_43b47b4c
acct_12b71efd,dev_c989ccd6,ip_1e461bf5,card_e112cc10,addr_90844cd5
acct_676dd86d,dev_e63c7dc6,ip_3daf6c5c,card_3f469086,addr_d404c19d
acct_15fd6ceb,dev_6146fa66,ip_2ca7ca91,card_ca16aa0c,addr_df200fda
acct_f2fbab73,dev_d0f0b7d4,ip_95f5452d,card_a6a216fc,addr_1073f854
acct_98c34abb,dev_e786cbda,ip_c4483d74,card_6bdbe57a,addr_2c87c56c
acct_8b0bc48a,dev_4e36996a,ip_bf3a2f54,card_75491403,addr_5399f05e
acct_5f831942,dev_9997d8fe,ip_0eb4ca70,card_02472a8f,addr_4e95f9c9
acct_d53e276f,dev_780511d4,ip_96df3bc1,card_275f0c1b,addr_63a10412
acct_a8aa4e11,dev_ad877667,ip_b5abdcca,car_18e9983a,addr_02ad7da5
acct_76fe8ba6,dev_16d82ff2,ip_b1c9a97d,card_aa999f51,addr_7a61fe66
acct_9f284ad9,dev_d6ba6973,ip_76d5179a,card_94335e0e,addr_628cc115
acct_45a38480,dev_51d039b0,ip_9cc739c4,card_e18f9673,addr_cd6f8367
acct_118b3ef9,dev_37be6b0a,ip_5202333c,card_6b7dd691,addr_36848a90
acct_7fa268a6,dev_b3f7400c,ip_52f708a5,car_c204f017,addr_5ea2dff0
acct_2443d648,dev_cc2da627,ip_5c221b8e,card_e953b0c1,addr_36e126aa
acct_f72c105b,dev_bced8891,ip_73812dd6,card_8ac3b3a9,addr_745955e4
acct_0567c35e,dev_c2d262bb,ip_61edfbc2,card_13967e49,addr_2a19389b
acct_71a71827,dev_e6bef68c,ip_b6e97869,card_9be48b5c,addr_b1f8fe10
acct_35d85ca9,dev_3e0e8536,ip_030db935,card_8a5eaec9,addr_21327aaf
acct_de9b6d78,dev_7a8c0b63,ip_6d2c87a8,card_db8cd0e8,addr_a1105393
acct_6d94230c,dev_5afbeb6e,ip_8be7b0f6,card_cfd66acb,addr_d12cb8dc
acct_e4d2aef2,dev_b7c5de53,ip_db3640f3,card_d07314ca,addr_33d2e6a7
acct_295ea758,dev_f99d56a6,ip_ce7d749d,card_59e002cc,addr_34fc25de
acct_cdca9f48,dev_d0f5c2fa,ip_f215c262,card_7be5960c,addr_b2c3b581
acct_a1ddb6b5,dev_ff46b3e4,ip_79537cfc,card_1150f63a,addr_027a9f04
acct_08b58700,dev_e7776fc0,ip_4794df8d,card_8626be7d,addr_08c80fff
acct_2aff3309,dev_776fa935,ip_9494c14f,card_3f6d8a84,addr_0bd6ccdd
acct_9ed8eb86,dev_ac42cee6,ip_09687db1,card_7419731e,addr_6a1acc13
acct_46b26b1e,dev_53d75c45,ip_0d0287de,card_5fc154f9,addr_97476f70
acct_ad7661cf,dev_52d83b24,ip_f1698b8f,card_cfae0d08,addr_ad90e78e
acct_21cf4d7d,dev_42272dde,ip_31b970ae,card_1f2f3af9,addr_2be4166d
acct_a4f56ddd,dev_ff45c6d9,ip_f00b5b08,card_09380439,addr_18f3e68a
acct_f6e1988a,dev_91272895,ip_53c8f73c,card_2acee9f6,addr_e3d61674
acct_133884e6,dev_6f94f8de,ip_303c30dc,card_2a9ada54,addr_93dd30f6
acct_99c05b23,dev_0f6153a9,ip_0556fc1b,card_4bebb594,addr_9d65b164
acct_09a8fa7c,dev_979f8558,ip_b7fbcd59,card_81878302,addr_659e9742
acct_b39e5a18,dev_b55feec9,ip_ac59fe6b,card_0855e45e,addr_a3473361
acct_cf14b1be,dev_7daec1d8,ip_bbfb4bc0,card_e37baa44,addr_dbc2d57f
acct_5969af56,dev_d19810d6,ip_8f749811,card_70e17d05,addr_06a4af84
acct_56543e1b,dev_5d12f3dc,ip_e364e8f5,card_7e8793e8,addr_b39eee87
acct_40379689,dev_4b18e0fa,ip_8daaff38,card_ddb81772,addr_b68e062a
acct_c5d62abe,dev_6b482544,ip_a126acbf,card_796d36d9,addr_9b01eb73
acct_9d9db974,dev_d8798135,ip_4da22e44,card_5003ff51,addr_48cd9250
acct_aa2aecc1,dev_621adb01,ip_7ab850f3,card_155f0872,addr_36657ff4
acct_f3fc90d5,dev_9e497113,ip_7291707e,card_3ca19e35,addr_9d5e8c6c
acct_a92e036e,dev_deca9143,ip_d823bda0,card_7ff45568,addr_fc6202a5
acct_e99076fe,dev_c51443b4,ip_859b2ec3,card_86d21f83,addr_c8be6241
acct_effd7175,dev_2e42cc25,ip_567b8ec7,card_dedab45a,addr_a3f35cb7
acct_6c46ecb0,dev_e0d90700,ip_1af9591d,card_c99899a4,addr_6a858cd2
acct_68907c52,dev_23c423b1,ip_b3ac3a62,card_cdb0a000,addr_2ac34b78
acct_b172360e,dev_ac4ffaea,ip_8cea9a34,card_f0ed91af,addr_d163fbf9
acct_90f66ecc,dev_35ab25a0,ip_ef26a5f4,card_42d0085f,addr_e5dd958e
acct_e3c7fcfd,dev_24a6de30,ip_26ab2377,card_722e26f9,addr_e6e1f268
acct_d76d7a43,dev_6bf9d890,ip_94e93946,card_c8d58bba,addr_a5b160fd
acct_cf0be507,dev_89921a4c,ip_0f52b98f,card_37e18649,addr_56c0ee62
acct_25a75e83,dev_8a95f549,ip_26390bef,card_42b8f8f8,addr_91c91b5a
acct_9a4f9c59,dev_1b5e3f40,ip_36478948,card_4a1f29d5,addr_202e904c
acct_50cc5260,dev_3af9ecd1,ip_25a9c01d,card_d26be342,addr_45ce38a6
acct_b4be34ec,dev_67c2eacd,ip_7f959a74,card_369baad2,addr_9db5a29a
acct_3b303f95,dev_be2756d3,ip_0c15c0b3,card_3a408eaa,addr_0185b740
acct_b6e9dbeb,dev_5dd6347d,ip_5b084a40,card_e5e05d7c,addr_285c3e5b
acct_51156e6a,dev_d4887023,ip_a899e085,car_59dea39a,addr_0c8b5899
acct_41a7a93e,dev_a89479cc,ip_65648966,card_cd5943d5,addr_03cb1f51
acct_00641d68,dev_afed609d,ip_1284a623,card_23f207a6,addr_6ae616c9
acct_21d6425c,dev_2f35a01f,ip_bda3eb38,card_ace6cbf4,addr_b37bf9cd
acct_1379bef8,dev_b3f7400c,ip_d147e0f5,car_c204f017,addr_b96d0af1
acct_7e6babc7,dev_9ae277b0,ip_e341fa2e,card_f58ae4f0,addr_cf29dd6e
acct_238e9fe5,dev_9203dc90,ip_c652f3ac,card_22bc289c,addr_f2a0c1cd
acct_bbc57b20,dev_098d4038,ip_ff766811,card_2431a45c,addr_f6d832c0
acct_9b32fcee,dev_d2939d16,ip_da5d1dd5,card_add6a67f,addr_02db6e28
acct_03decb04,dev_afb09fce,ip_be387649,card_1c45d29d,addr_19680efa
acct_44ba9f44,dev_b3fe18f1,ip_c321ac53,card_d5e518dc,addr_96184a52
acct_371c9135,dev_7e4c4cba,ip_e061ba79,card_881e1bab,addr_82d44c17
acct_8cca3140,dev_29c4120f,ip_23183b58,card_5515fcc5,addr_dc01b634
acct_9158c99d,dev_4761cfef,ip_0b01d8cb,card_19a53825,addr_9aa380ed
acct_afe8ae14,dev_80371f09,ip_913d7e62,card_66373617,addr_a2c5b7f3
acct_c8e7b6bd,dev_842c8aed,ip_3331199e,card_98c5fabc,addr_52c2e014
acct_4eaeb806,dev_534ac2f1,ip_5db0d628,card_34fd5b9a,addr_6bd347bc
acct_f9cdb220,dev_21c23d1a,ip_ddde1c81,card_1877132c,addr_d7545b44
acct_defc337f,dev_2d2bddef,ip_caf66a35,card_0cd25241,addr_f8a5cd0c
acct_6518b807,dev_7a62e756,ip_30de8077,card_91e2d5e8,addr_2e4848ad
acct_e0897cf4,dev_bc0cd528,ip_e9fff61b,card_d1b2414d,addr_0d307bf7
acct_00e3a40f,dev_4004862e,ip_35dc69a6,card_935eec11,addr_7877fa5f
acct_bae7f1d8,dev_86541e47,ip_46b7c5a2,card_d5ce1fc2,addr_f61f767f
acct_b205b2d8,dev_f86619d4,ip_074ba88f,card_5e9090b2,addr_554464fd
acct_1bd9e1a0,dev_7eb1d0c3,ip_c07fab91,card_ecfe4177,addr_ed777ec8
acct_8096a60e,dev_0ebf05e4,ip_2a96b591,card_21bc25ae,addr_d20a5562
acct_8c9b5775,dev_a222ef40,ip_39c26331,card_07ea4bde,addr_a86e605c
acct_f4284c16,dev_942f0469,ip_01ccddbe,card_173938eb,addr_b2836c5d
acct_4a685ae5,dev_e1d3d449,ip_a156702a,card_b9b66e03,addr_38f227c0
acct_8cb3d91c,dev_70040b43,ip_7fc9ac4e,card_5db4de35,addr_f61f767f
acct_07eb6150,dev_c29b2eba,ip_3ca5ec99,card_b04d9b8f,addr_7c78598a
acct_41a3a672,dev_7d1413a7,ip_cafd9626,card_e9dfd826,addr_b6372b59
acct_8069d19d,dev_972cc53a,ip_811402db,card_78e78c30,addr_4d6d9c36
acct_a04280fa,dev_c7f674ba,ip_92d4e9bf,card_e215cc1a,addr_f5d75f50
acct_75f0ee4f,dev_e3c652ec,ip_a89d9ff5,card_ea9442ef,addr_b65d8dd8
acct_7b030335,dev_cd2ee450,ip_9fa1dd8f,card_4fded99f,addr_d276f690
acct_bbbe403c,dev_104753da,ip_9cf771f8,card_bea24650,addr_7b4a12f9
acct_f0d92e71,dev_17cd8192,ip_00a1e4e5,card_0d5aa233,addr_6f6f75cc
acct_04b6b459,dev_56f2ba98,ip_5b7ed897,card_b8c6923a,addr_a08ca0f5
acct_33a6e117,dev_0824ab5f,ip_000a8540,card_71951ae6,addr_a742b379
acct_51709520,dev_ee3283dd,ip_12b975b2,card_38eaef62,addr_0ca4ed92
acct_12ea9459,dev_64863fd3,ip_e7f11a92,card_35143f1b,addr_f668ac05
acct_9f7b55d8,dev_0d23e043,ip_20a076a2,card_4b9d6a90,addr_30bf1809
acct_a63f423d,dev_9646ed7b,ip_33d9dcb6,card_7d23afdc,addr_3cb0cd8e
acct_18b841bc,dev_31d1b242,ip_d0e43db2,card_f45c3d67,addr_57ffa59d
acct_8a5ebdf0,dev_d9898392,ip_99c61c61,card_22883b2f,addr_8da1b47f
acct_af609d01,dev_e86010e3,ip_83dbc682,card_0453ee90,addr_582f68b3
acct_e574f160,dev_40bbd055,ip_3f28c788,card_d74cf174,addr_b4f02373
acct_2f3e11fe,dev_47530fd6,ip_6099b712,card_75fdfd7b,addr_44df0cb1
acct_0995701f,dev_122eea5e,ip_c28b0fa1,card_a8b7f1ef,addr_c9d0eb47
acct_90612d0f,dev_0c0a45f5,ip_42e78268,card_9fabf26c,addr_c97d9b5f
acct_320e1e28,dev_8cbdc8ed,ip_3554b17b,card_1714d1d3,addr_0f2f76be
acct_14b3379a,dev_45f3812b,ip_b3b613f8,card_5b9d1c2d,addr_531c5d36
acct_066fa712,dev_6366a04f,ip_6eddff37,card_eba8f32e,addr_0ef60a90
acct_5fee32b9,dev_16bfeec7,ip_09c25c0a,card_dd4abd6e,addr_f9b507f0
acct_0eeb2821,dev_abb7c6c8,ip_9ee9a330,card_3f273a43,addr_5cfac136
acct_ecda987d,dev_7c948bb9,ip_5814488b,card_2bb8638a,addr_d91a09df
acct_94f828ef,dev_a9680e02,ip_da1cbb3c,card_cb87d1d2,addr_5a7eec9c
acct_60081f06,dev_996aacac,ip_d963f5d8,card_923ea62f,addr_598b46cd
acct_d52d5a2a,dev_e44b372b,ip_daf8117f,card_4c6d9825,addr_1a736f40
acct_4bb22cd4,dev_61338169,ip_84fedb4e,card_c0b75bbf,addr_ae8ab327
acct_11d1942d,dev_d048821b,ip_7c9e3d28,card_c2198c49,addr_897ac4b5
acct_e38a8748,dev_55adab35,ip_76072296,card_36e64ea3,addr_35cd4878
acct_589f957c,dev_6b07e1a6,ip_3b46e216,card_7615d4b7,addr_35615012
acct_e84350b1,dev_664a4eb2,ip_584082c5,card_efb4ceee,addr_277f4f5c
acct_947aa8e2,dev_ae7b03fb,ip_8f6c542f,card_0f9e26a7,addr_73508f3c
acct_9ef83820,dev_adc87123,ip_259b1e51,card_9c144790,addr_9f7a4ecc
acct_df4ffeb7,dev_c9bbeb7e,ip_7c9a8bff,card_9038d89b,addr_139d0bdd
acct_b8c44610,dev_fb6f4fb8,ip_35019019,card_fbcae85a,addr_35a36874
acct_804a63a6,dev_38073795,ip_2c65ec52,card_c4600681,addr_c86e0b3c
acct_ef34f9a8,dev_614f42c7,ip_aaeb0c7e,card_b5cc6a70,addr_d2aab6e9
acct_999409e8,dev_b4b02acc,ip_ec32d95a,card_b32e376b,addr_1802b333
acct_4b2ef863,dev_0d40ca5a,ip_cb6a9e22,card_74e85f86,addr_bb2fa964
acct_6a71ceb2,dev_4fd8195a,ip_92410de9,card_def409af,addr_42bb31d8
acct_d470cc61,dev_bafa568b,ip_d6c393e9,card_f4972cfc,addr_64090877
acct_7515e6bd,dev_9482f8b6,ip_ce0fe934,card_1064beaf,addr_db160f04
acct_c62150dd,dev_b431ca9a,ip_73a96436,card_fcd403d3,addr_a65a9d8c
acct_53fe9db6,dev_46227f83,ip_b214bcf8,card_ecca1dc2,addr_96c66d50
acct_53f72187,dev_7adb35a3,ip_baff1e38,card_23ba75b9,addr_7b89fb68
acct_9827cddb,dev_7a1eab66,ip_b04bb03e,card_8fd656d3,addr_fb199130
acct_c40955db,dev_0f260af6,ip_f9091620,card_c03dff5d,addr_8fb184c1
acct_a26bd99c,dev_8dba92f6,ip_b47ff13f,card_1e4d9b2d,addr_70c3f3ca
acct_a57c10e6,dev_b01616d9,ip_7f3f9a3b,card_69006b9d,addr_fc63d7c6
acct_092542bb,dev_99d7f6c0,ip_0856fd15,card_2bc07a6a,addr_32576294
acct_6a1c569b,dev_83369d16,ip_c0f44dcc,card_172602bf,addr_7f6ef281
acct_7e56b2e2,dev_25f36012,ip_d4e25696,card_fcebb852,addr_cc62ccbb
acct_85f6e8b8,dev_93ad64de,ip_670b8b1a,card_8fc52af5,addr_e7a6afa2
acct_c6cdbf0e,dev_461099f4,ip_a6c907ea,card_3683ab9c,addr_ee0f3705
acct_741007ed,dev_e37d1acf,ip_56139cb1,card_03cedc67,addr_79fb51fe
acct_c57ff82e,dev_bd8777ca,ip_5b0a1b26,card_71d61b4a,addr_5ab74ecf
acct_33c3a37f,dev_ccc6bfc2,ip_0c778f0a,card_8c416f76,addr_b64bd3f7
acct_16cc76c8,dev_c1ebfc8b,ip_d3f48588,card_e0c36e36,addr_5494c3eb
acct_5eb71c69,dev_b2353de8,ip_b07f3f48,card_46fd0c81,addr_c1c2c700
acct_a79ace15,dev_7a518cea,ip_343b9f7c,card_697ced7b,addr_cd392a64
acct_affc0976,dev_58acecba,ip_7304d59a,card_dcbbd3d5,addr_53b7457f
acct_437e1216,dev_7ddeeb09,ip_81926725,card_9f8ec64c,addr_b5ce7ed6
acct_80dac904,dev_8736209e,ip_1645218c,card_d9f34d3f,addr_be099166
acct_434f36ae,dev_d9c740ad,ip_1860cddb,card_d13cf5f7,addr_9c08d7c0
acct_1fd7c76e,dev_b39790f8,ip_ee9f2bb9,card_0e7accb2,addr_87b8441b
acct_0fd9d7ec,dev_c5d32935,ip_491af73e,car_a5942218,addr_a6055ada
acct_2dff1ef7,dev_5c2fba44,ip_119ead89,card_feecdc13,addr_ae2dffb9
acct_3aa296ab,dev_c263c633,ip_c321ac53,card_a0dd858d,addr_699440b1
acct_672f31f6,dev_f94fb881,ip_463c5991,card_5f1cd00d,addr_8eaac58c
acct_726b8234,dev_47b0a865,ip_539050c1,card_0e201d2c,addr_e3a182cd
acct_9e89d7c4,dev_bbfdc3f1,ip_e680ee2f,card_14dc7d60,addr_3851c248
acct_e25ccef8,dev_0d31cb91,ip_1e97e724,card_680fe198,addr_d766cca8
acct_28dbf837,dev_f9664f7b,ip_1ecbcf27,car_727b7c7b,addr_9c311a62
acct_edec211e,dev_42315b30,ip_ecdd0e8e,card_f3d43b4b,addr_ecec61ee
acct_fc978bb2,dev_aa0db2c5,ip_5b6f97db,card_b3aafca6,addr_d9bce926
acct_681f3e7b,dev_7efdd33f,ip_5acc2abb,card_3ea41d8b,addr_0f0a6cf9
acct_55f47298,dev_778ee756,ip_a4a875e2,card_6eabe722,addr_43c0a993
acct_cbe0efcf,dev_9fb5b9d8,ip_eda8537c,card_42781b09,addr_f4d00ea5
acct_5a3c0b72,dev_90cabeeb,ip_4b1840b3,card_1c815848,addr_4e82bf1f
acct_4d9f8b22,dev_212d6f34,ip_f2070721,card_330c8da1,addr_dd21b271
acct_c1249b1e,dev_225f5ec6,ip_25a6b2a4,card_a2d7077d,addr_b02c15ff
acct_81443792,dev_0969168b,ip_33b9fafe,card_4ec6eefd,addr_eefedc87
acct_0b0a6321,dev_57a40867,ip_28c11bae,card_4f3a8167,addr_cbe9909e
acct_a27e9dcd,dev_f6313cce,ip_de4e932e,card_f251fa45,addr_3dde6f24
acct_399dbcdf,dev_23fe5c11,ip_0b322263,card_749d7d40,addr_195d7152
acct_8700ae0f,dev_fa7b3dc2,ip_f4f6b804,card_8972a2f6,addr_6093b8d5
acct_1794d658,dev_edca1b63,ip_3313bc55,card_59f659d6,addr_9931a4ba
acct_cf553347,dev_d2144696,ip_bf81764b,card_4e0a7c25,addr_435f5aab
acct_e2f8b1fc,dev_04912aa8,ip_21b99941,card_8a88a272,addr_992a4b2c
acct_b4a11566,dev_60f36612,ip_0a4820a5,car_d05177d4,addr_1c3c181c
acct_c944ff0e,dev_0792d03f,ip_a8799dc2,card_6dab555e,addr_810c0e63
acct_fda99718,dev_d12b6fda,ip_e1973d0c,card_25f8319a,addr_4fe310c2
acct_98bb2f86,dev_15a4aac4,ip_87e09481,card_8980b3c3,addr_b496885f
acct_07e16413,dev_a005ca75,ip_be5309e9,card_57f8a41c,addr_b95b9e28
acct_5f31c360,dev_271392c8,ip_ee6f0aae,card_8efbc793,addr_92ee9211
acct_c92d55c2,dev_530ba04d,ip_c77daed1,card_cf8d27db,addr_47e0a7ef
acct_f6af0bd2,dev_533df503,ip_699b6553,card_c3474932,addr_c1fa9b88
acct_6372e190,dev_b9656593,ip_61474525,card_1b236b7e,addr_0458cf09
acct_b60237a9,dev_5e19be77,ip_4c7fbeac,card_e0466c17,addr_248bfd15
acct_03007deb,dev_b7a263d4,ip_f8d5f0dd,card_1d46666a,addr_02457fe2
acct_71c77ff4,dev_2de02594,ip_902399db,card_82dfc26f,addr_920a0471
acct_e17b8fd5,dev_761abc7c,ip_2b978032,card_316e3bff,addr_764a4b2b
acct_4942a13f,dev_594af82f,ip_1215fb87,card_077fd949,addr_02b5a8e1
acct_2c85e010,dev_1dffb100,ip_3ca8b040,card_6e83c13c,addr_9fcea9af
acct_cf1c7bd7,dev_aa2bfcbd,ip_dc8a4e08,card_d1b29cbf,addr_bc79465e
acct_ebb56dc9,dev_3b99bcc4,ip_8f8124f8,card_c1a52a73,addr_281bacd0
acct_26cc4a80,dev_6446cf5a,ip_a87a6484,card_34c0ced0,addr_9d65b164
acct_18b18865,dev_84f02d35,ip_59437222,card_f219a4fc,addr_5fdb0932
acct_1c9b1d5a,dev_541cede7,ip_817b9539,card_8842e75c,addr_8a8bbf46
acct_a41b6440,dev_e1180768,ip_d0ac0594,card_f0c08c6b,addr_dd16eebc
acct_6742ca8a,dev_248dfeb2,ip_f044b4ad,car_2e922ba2,addr_963dfb1e
acct_61ef16bd,dev_b90345d1,ip_888ac6c8,card_99c455a6,addr_77427b1a
acct_486e5d63,dev_af29c362,ip_c5dddded,card_dc7bfd4d,addr_de9a96d0
acct_eae990a6,dev_eb2dda16,ip_18469188,card_c94b82ab,addr_141d0045
acct_b70990e4,dev_77210028,ip_39a2d377,card_1884dcee,addr_ec3467e3
acct_6b9733b4,dev_d204df51,ip_236e8408,card_1bcf9d9a,addr_be4e39be
acct_9b0ec66a,dev_e968e224,ip_ab46a77a,card_20f451c8,addr_36c1e29a
acct_54956e74,dev_a0470880,ip_5ed747fd,card_dfbece68,addr_4e398229
acct_2141a820,dev_8edb0346,ip_85b98f93,card_17aeb1a1,addr_ef21e358
acct_e92df56a,dev_31a7a502,ip_c4874920,card_4a4e0b2d,addr_e5d14601
acct_29053298,dev_78c972c8,ip_4325d84a,card_47af2f10,addr_b7250afe
acct_037acea1,dev_dafb737f,ip_70214bcd,card_46c92363,addr_0d95d83a
acct_49cc7d40,dev_aca39701,ip_e3217fff,card_1a7a9215,addr_3b1e9db8
acct_48f29d3f,dev_a01fd1e5,ip_b9af015f,card_5dfe5df2,addr_5d0dab47
acct_220a09f2,dev_16655e41,ip_69a1fd2c,card_a8c6b281,addr_bb057231
acct_545079d3,dev_de113406,ip_1aa13cac,card_ed7574be,addr_04bc97e2
acct_23ea9daf,dev_19bfcf40,ip_e986594e,card_bbd1122b,addr_12cb17fa
acct_9a66ed44,dev_0bde8017,ip_664393d7,card_d9aa8d22,addr_33b6ad7b
acct_c9c0c311,dev_f9b89291,ip_50316ad6,card_670f0af6,addr_b3931a2f
acct_3d204cd7,dev_60c2f8ea,ip_468def11,card_4bcf5e71,addr_9d5252c9
acct_976fdcda,dev_ce5b7502,ip_c1f92485,card_bc538684,addr_f524b7c4
acct_14f011ad,dev_d1a06c8e,ip_6012ddeb,card_dd1ec53e,addr_82251489
acct_3af8306d,dev_72cea25e,ip_938d5148,card_21c3d366,addr_ae9aa83c
acct_40bcb1fb,dev_d5f904d8,ip_bec359e7,card_9ec80878,addr_9aac3082
acct_1ceb5fd6,dev_0255debc,ip_546b4b38,card_ccd0eade,addr_ac2d5087
acct_1fadc84e,dev_67e34a5d,ip_cb79b8e4,card_f68b34aa,addr_8444e61d
acct_ea24862a,dev_1c088f05,ip_7781bc0b,card_2df6eeff,addr_96952a42
acct_729b2ae5,dev_cea071f0,ip_576cf71e,card_e0181608,addr_5bf7a6d2
acct_854afa09,dev_7cc72839,ip_033ae969,card_72ab9b8d,addr_74db3a86
acct_d11e472e,dev_a8d08e7e,ip_eb135cf9,card_6880ebe5,addr_67a506cb
acct_2e9ded8d,dev_5ae5029c,ip_7604ca5d,card_4c21ad5a,addr_934d15b8
acct_69debd1a,dev_9f78afce,ip_b56f75dc,card_086e8a18,addr_34025c52
acct_a6ab535e,dev_d201ffe3,ip_7ab850f3,card_9d7ef9ef,addr_43391ab3
acct_d06ab2fa,dev_e9eda507,ip_18db8de6,card_dc761018,addr_93ffb964
acct_c7dcb594,dev_17efc6fd,ip_600bcb93,card_2f49da32,addr_d19c00fc
acct_a8d5fbc3,dev_1dde0789,ip_f4c80d61,card_eea1f518,addr_5286178d
acct_b5c0eb20,dev_6b077f8e,ip_587f39f3,card_08c31d71,addr_958055ef
acct_c2486680,dev_baba0fd0,ip_c7560fc6,card_4c4025a3,addr_8d06c741
acct_ac7ee2f5,dev_18f1ed67,ip_a16874a9,card_173f6b71,addr_249e4701
acct_a44610da,dev_759cba5a,ip_250d21b5,card_d407f057,addr_5947934f
acct_46d3b269,dev_5b3f0d19,ip_fe761e51,card_18794ac6,addr_6523e32c
acct_46578a2b,dev_0ca7a1c3,ip_ee669e06,card_a9cad7c2,addr_c475fb89
acct_d1571b3d,dev_5152f415,ip_a424f502,card_f67e6faa,addr_4c707c8d
acct_3a6c2e73,dev_8cdb5fc9,ip_5d4176bc,card_d2301ef8,addr_5740b66a
acct_b104c91a,dev_80b9d00a,ip_981c9c31,card_f38b9136,addr_e2a05294
acct_86cf76eb,dev_75d60c0d,ip_de7fe3e4,card_ce48869f,addr_66d89955
acct_69cee470,dev_4288f829,ip_9b58a807,card_a750cd4a,addr_060a3a7c
acct_3267849b,dev_c0e921f9,ip_b18a8d1f,card_d4eb9582,addr_ffc6c9dd
acct_5ec904f9,dev_0716e014,ip_ec96482b,card_074d4bcf,addr_eab4a0bc
acct_ef31557f,dev_23ba8947,ip_a21121a5,card_426ba104,addr_d477b5ed
acct_1e1ed5c8,dev_d8a321b1,ip_bfff8ed1,card_83bbf16b,addr_94f1f01d
acct_69631579,dev_da1a7408,ip_6c4c3863,card_6563d16d,addr_a3657d91
acct_4e64cb39,dev_94b45524,ip_553db469,card_1a9596ce,addr_7a58ec23
acct_9a8619ca,dev_6417dbcd,ip_8d4e5e19,card_2a89e9c8,addr_f30965c6
acct_125179ae,dev_d7fb2ec4,ip_8bee5f51,card_223b38b6,addr_8ac25bba
acct_23ed2857,dev_aec237b1,ip_89b5acf4,card_babbdfe4,addr_0ae1acee
acct_90ca3a73,dev_a0fba503,ip_64dcbc12,card_81fd6fa8,addr_46d11fc3
acct_8e929ab5,dev_c1434779,ip_55732365,card_b15a8ba3,addr_255733fa
acct_e80370c1,dev_2d3775bd,ip_fc781141,card_dbdd7292,addr_6bd514cf
acct_9bf07a62,dev_d08bdbe3,ip_8309c6cb,card_782c752d,addr_0e5a2758
acct_795635c7,dev_daf6b6b2,ip_bc4273a6,card_21755568,addr_cbe4411b
acct_28927364,dev_955fd6cf,ip_09d4ef26,card_2722489a,addr_9631f34f
acct_9a4c81ae,dev_76a33644,ip_abeee1b1,card_2f5422b9,addr_a5816936
acct_2428ad6d,dev_9be41eb4,ip_1549c5ce,card_770e4f91,addr_254f6abd
acct_8b9a215d,dev_3875b3fb,ip_db38396a,card_234cbf89,addr_80608b6b
acct_0c3b7c97,dev_d4887023,ip_d1bfa0b5,car_59dea39a,addr_72c11d65
acct_db7d00f8,dev_9054ac99,ip_04405e11,card_9c4bd75b,addr_31536c57
acct_e2298f04,dev_71e773ce,ip_cbaddc4d,card_97013a7f,addr_85d44938
acct_0a7cab29,dev_9a00fea0,ip_87d338c7,card_bb7384b1,addr_1b65acb0
acct_689d06cc,dev_a704aeed,ip_5bfa9eef,card_6023b54f,addr_3b3a01bf
acct_906d4f3b,dev_0d88c0b2,ip_84ccf2c3,card_196f64f7,addr_0527ffb3
acct_afd5057d,dev_affab09c,ip_cc31b0d9,card_78b50c5c,addr_167177f3
acct_c2b33a8b,dev_f6e9a351,ip_1032da26,card_6eae1b3b,addr_e0ba208e
acct_875a35e8,dev_91c509f2,ip_79d442e2,car_727b7c7b,addr_b4414a53
acct_559e78aa,dev_567b7e51,ip_aaf9f564,card_2a549dd7,addr_555478e1
acct_963ea790,dev_e82f62b9,ip_ee915885,card_2f35f71c,addr_e2ecd8de
acct_8b45ac84,dev_f5e422b0,ip_62a46577,card_9b879978,addr_5d6faab2
acct_597e939b,dev_fc5d0c7a,ip_ff44abb5,card_94ee5b14,addr_5da68aee
acct_7c864258,dev_036c71b8,ip_59f98d83,card_f54aaf40,addr_ca23640c
acct_33b5643f,dev_a9fc3934,ip_8366e58c,card_5183e652,addr_eb592f8b
acct_42814502,dev_53c8c781,ip_304a2573,card_9b75b0de,addr_763c33d9
acct_b6a4466e,dev_c5a6a3c6,ip_0a89e220,card_4d10cea7,addr_25067335
acct_3eafc82b,dev_638ea7f5,ip_60593392,card_22cf64eb,addr_3b9360f2
acct_d5fbf744,dev_d935cbe8,ip_6b0f85ea,card_1f5b62a6,addr_81d0755b
acct_69010ee9,dev_1aa7b121,ip_c57aa554,card_a8a119df,addr_b31485ed
acct_f5b8a9cb,dev_86658fbe,ip_f28f6bcd,card_709808a7,addr_f3a06b02
acct_2d10bfd5,dev_11a708ec,ip_2cfd3481,card_0dd3c6ca,addr_00bed9b8
acct_9cb5ea42,dev_46631da9,ip_0d718b70,card_782a8c40,addr_205cbc43
acct_c8232f85,dev_d2d937c1,ip_4e493670,card_e9a6efc1,addr_8dbb7ef8
acct_34bf548b,dev_5a92f231,ip_83f7b52a,card_aa3b9401,addr_3a8e3a82
acct_0b5cfcb7,dev_5a880ef7,ip_06dff52e,card_7ff15c26,addr_96562c87
acct_38636f81,dev_61ced52b,ip_41e77954,card_a735e37d,addr_b68e062a
acct_58050830,dev_283f96b7,ip_93912f30,card_1901b397,addr_d22cb459
acct_0a5e8f60,dev_b5244f56,ip_e1f7c892,card_9a0ffb00,addr_68ac4e62
acct_05e9ae19,dev_08d6b835,ip_a6421326,card_7ca0c9ee,addr_bf54f697
acct_f1d7a74c,dev_60e93b50,ip_e3d1c7f0,card_f76a7c2d,addr_ada26432
acct_43ad7961,dev_758967f0,ip_6aa9bb8f,card_072521c7,addr_c0a10048
acct_c2b9c406,dev_a02880d9,ip_2a4dac95,card_ca95d516,addr_827091d8
acct_c9e785f2,dev_c0ba4760,ip_58cfe0d3,card_c4d3d53a,addr_ec0db955
acct_a638abcc,dev_7202ced2,ip_60b20e8e,card_7a9c6388,addr_bbc7c6ef
acct_816f2047,dev_750ee063,ip_c0a20a7b,card_8e8cd50f,addr_9e95beb9
acct_15a5e9c6,dev_366444e0,ip_ad272aaa,card_6127b916,addr_f0d297f7
acct_9421edf2,dev_f7fd8c73,ip_e3278ad6,card_a5e85e60,addr_5399f05e
acct_dc86da22,dev_d4887023,ip_95a669b4,car_59dea39a,addr_79fb62a3
acct_5645ef32,dev_51a72f5f,ip_ce2f7233,card_6ab1a1e5,addr_d3fdff49
acct_29ce19f7,dev_3cc3c533,ip_77c5ac23,card_bc72b5fb,addr_ee07347a
acct_f8e70ee0,dev_9b697079,ip_867c428b,card_d8e95be9,addr_57020745
acct_d67c978e,dev_fcd27a00,ip_ebbdcb39,card_e6953427,addr_b4845c0c
acct_0dd0a807,dev_349fa856,ip_1503370c,card_774d282e,addr_bd2a3aff
acct_87c09d72,dev_bdbfc352,ip_eaebfe9f,card_67b21da5,addr_982f7ee1
acct_c76a15f8,dev_cbb0e65c,ip_461763b9,card_97e95474,addr_dacee2c6
acct_81f85299,dev_6e8a31c4,ip_5bfafe78,card_cca471b4,addr_5a1c561e
acct_62a9254e,dev_e91b1cc6,ip_05179d6e,card_5b1dce64,addr_01ff5f2f
acct_88aedb83,dev_8d76efd1,ip_f878c8bd,card_96dd2dd6,addr_96eee0f3
acct_29a7a234,dev_b805a995,ip_b960b0b2,card_4f99de5a,addr_a6602fb6
acct_7705ce1f,dev_080c0642,ip_7aa02cdc,card_01a6b384,addr_939ba22c
acct_56b7af90,dev_ab88d4de,ip_dd239c25,card_8db9a6f1,addr_e4a3af99
acct_655ff0ba,dev_b3ac0939,ip_9bedbee2,card_6af04247,addr_a48d184c
acct_796dd4d9,dev_891142f1,ip_78513329,card_c663b84d,addr_3e639b6b
acct_74a95360,dev_105eaa57,ip_853b12fc,card_a613d05f,addr_fcdc30b4
acct_ba306da0,dev_eff9e919,ip_c2c5ede5,card_02fdddf9,addr_3e33ca75
acct_262622dc,dev_b53d6cf8,ip_e3133348,card_e2f61965,addr_44ebc4ec
acct_e4404f42,dev_68f3c762,ip_8d60a219,card_d80c57fd,addr_b86c80a7
acct_d5462bce,dev_42211b55,ip_70f88b18,card_f87b619d,addr_6fe8aa5d
acct_238cf937,dev_845071dc,ip_1ba2c26c,card_8abdedc4,addr_a0670e8e
acct_ab30a061,dev_b33eeb9b,ip_bc43f8e0,card_2f427dac,addr_b71cc176
acct_cc683b90,dev_2df72293,ip_0e8eb60c,card_55a131fc,addr_ceb6f867
acct_9fe4467e,dev_a93e4324,ip_85ec0e8a,card_2876df66,addr_81d0755b
acct_419aa9b4,dev_4923708e,ip_b2dbf298,card_35ac7129,addr_39e3dc56
acct_a693a855,dev_097ddc9e,ip_4a26b2fb,card_3e78ad06,addr_ad44beb0
acct_3b45a4fc,dev_1db731fd,ip_5f64d992,card_e8b573b2,addr_350f5106
acct_da4d4cb6,dev_adb86eef,ip_8921a4be,card_274e4aeb,addr_fab25e13
acct_c9e348d1,dev_ccba17ac,ip_911fe0fd,card_7156980a,addr_0b78e5c3
acct_649c77c5,dev_2f26daae,ip_b2d38ef7,card_379a04c1,addr_cf237889
acct_c743d7e7,dev_00af4131,ip_bc4e0990,card_d4ad46ba,addr_f9e9d828
acct_09553813,dev_6fa28f38,ip_5d000af7,card_3fb2bfac,addr_855b64eb
acct_f7389c7e,dev_6d2b3951,ip_45cb33c4,card_c562fd02,addr_c0726698
acct_389045aa,dev_66e4bf5e,ip_27455a4f,card_62d1e76f,addr_9f2725c2
acct_85ca37c7,dev_3a7e9241,ip_229069ed,card_4a21847c,addr_ecd507a2
acct_b3bf8b1e,dev_843242b2,ip_c9d88b07,car_a60a6069,addr_98cf33b9
acct_ee0da2d3,dev_92c36a8d,ip_eeaf4906,card_dedd754d,addr_e5750e75
acct_fa5e0176,dev_9038b918,ip_29a89c8a,card_2751b03b,addr_4b880375
acct_b1a1d353,dev_609c3bd7,ip_a27e7f9e,card_06dc61b5,addr_62748d33
acct_30c2bdf8,dev_39eb8f76,ip_3f6ece19,card_4208e9a5,addr_d30e0e3c
acct_a20cc6e3,dev_2a679011,ip_c4257f92,card_d590e3c2,addr_d454d284
acct_31ad08ad,dev_054fdd66,ip_517a994a,card_a3de45be,addr_98b2a6d5
acct_ffc3d116,dev_b1b97446,ip_554cd183,card_dc484cd4,addr_aa9b099e
acct_ee5053cc,dev_619b2da5,ip_2ce5927a,card_8c2303d5,addr_44fdc5c0
acct_60b52d96,dev_4eeb08d8,ip_016d4dea,card_1ffd1c16,addr_95ca79c0
acct_6f7114dd,dev_627c36d8,ip_7e7e44a4,card_2a9cc0d2,addr_55818470
acct_5e964393,dev_d10576fa,ip_4449c33d,card_50d325fb,addr_d315c146
acct_d3ffd47c,dev_42a3793c,ip_6dd8fcc2,card_ec5dbd82,addr_e2b502c4
acct_7bbe8e4f,dev_a0f81e37,ip_988fb4ac,card_7c6fd041,addr_6508f361
acct_b1ec638a,dev_b56af9d1,ip_d26908b2,card_2d196654,addr_d3bd212b
acct_b0d0d435,dev_b342aceb,ip_118bc58c,card_57fde29e,addr_93a2286b
acct_5c7e731e,dev_7c2b9067,ip_22cc7087,card_1d3a523b,addr_b231e1a6
acct_3585463c,dev_4c2c37e7,ip_6769c409,card_1270c3dc,addr_fde39540
acct_dea4ef7a,dev_3703ea93,ip_366fe4ae,card_741f4705,addr_dbe3d665
acct_593bb8d2,dev_a929fb08,ip_38a0ea58,card_3f29d9f7,addr_6baab746
acct_86f56636,dev_9dfa0941,ip_b030a8eb,card_75630dc1,addr_e2aedf5d
acct_d2d1fe78,dev_2c239c39,ip_60f55d53,card_24dc4d4b,addr_7b7f7fd7
acct_07b536a6,dev_bb29a226,ip_0ed76b0d,card_962fb03b,addr_89d7cc92
acct_ade7f73f,dev_90d23ef6,ip_c8ef0e46,card_d91815c1,addr_601898c1
acct_078f9218,dev_fe5b0d48,ip_6023b1ab,card_508f7154,addr_30b5f6f5
acct_5f35c355,dev_0c619614,ip_f7d82b23,card_3d061572,addr_439f78e5
acct_6d92e145,dev_fe6f8fa4,ip_5f7b40bf,card_b8c0f055,addr_8259f10c
acct_d14f6e6e,dev_f5b8fe47,ip_af7f35de,card_eab050ec,addr_59edbd39
acct_99452e39,dev_3e3f4733,ip_7ba6e226,card_b2da06ec,addr_744d369a
acct_5001a628,dev_645099b3,ip_4873b82e,card_70aec2c9,addr_30b15be1
acct_0e59562f,dev_73d24d05,ip_d05f4659,card_90f1d712,addr_75271cd9
acct_85a20f30,dev_7fcc0214,ip_7b0594e8,card_bc4e5463,addr_257441fd
acct_a4dc8d88,dev_01d329cf,ip_86bdee87,card_7cd8efe4,addr_fdd04e7c
acct_aa7e2e3a,dev_2b0df168,ip_2ca7ca91,card_c1066f6b,addr_202a5393
acct_8bc11b0e,dev_c38302d4,ip_ee87df95,card_415964a1,addr_c63c5330
acct_8f7f3542,dev_84900162,ip_333067f9,car_a5942218,addr_bf7aae78
acct_9e61f0ec,dev_48fcbe11,ip_03ebf726,card_79769759,addr_c2be841c
acct_8f7a27ec,dev_91c509f2,ip_91baf16c,car_727b7c7b,addr_32fa87f7
acct_fc4e82f8,dev_9faef4f9,ip_dfce4377,card_507a7324,addr_210717fb
acct_6cfe4f3d,dev_732eb572,ip_f0d38032,card_c093d0a7,addr_3d71c80c
acct_b2127bac,dev_24bf2433,ip_4e747ebe,card_3cc8393f,addr_617110ce
acct_00c993bf,dev_bae45022,ip_a7de7cec,card_5d29cb74,addr_ecd2c0ad
